transaction_date,external_store_id,external_product_id,total_daily_quantity,season_category,holiday_event,aisle
2023-08-07,2,1,1.0,Rainy,None,Meat & Seafood
2023-08-07,5,16,1.0,Rainy,None,Beverages
2023-08-08,4,2,5.0,Rainy,None,Bakery
2023-08-08,7,3,5.0,Rainy,None,Dairy
2023-08-08,8,5,4.0,Rainy,None,Beverages
2023-08-08,9,15,1.0,Rainy,None,Meat & Seafood
2023-08-11,1,18,3.0,Rainy,None,Bakery
2023-08-11,2,13,3.0,Rainy,None,Beverages
2023-08-12,2,11,3.0,Rainy,None,Beverages
2023-08-12,4,14,5.0,Rainy,None,Snacks & Candy
2023-08-12,5,9,1.0,Rainy,None,Health & Wellness
2023-08-12,8,10,2.0,Rainy,None,Health & Wellness
2023-08-13,5,15,3.0,Rainy,None,Health & Wellness
2023-08-13,6,13,6.0,Rainy,None,Health & Wellness
2023-08-14,3,18,1.0,Rainy,None,Health & Wellness
2023-08-14,5,14,4.0,Rainy,None,Canned Goods
2023-08-14,5,15,5.0,Rainy,None,Health & Wellness
2023-08-14,7,11,3.0,Rainy,None,Meat & Seafood
2023-08-14,8,2,3.0,Rainy,None,Frozen Foods
2023-08-16,1,8,2.0,Rainy,None,Snacks & Candy
2023-08-16,1,14,5.0,Rainy,None,Frozen Foods
2023-08-16,7,4,4.0,Rainy,None,Produce
2023-08-17,2,15,5.0,Rainy,None,Snacks & Candy
2023-08-17,6,3,2.0,Rainy,None,Health & Wellness
2023-08-17,7,18,2.0,Rainy,None,Snacks & Candy
2023-08-18,9,13,5.0,Rainy,None,Snacks & Candy
2023-08-19,1,6,5.0,Rainy,None,Personal Care
2023-08-19,1,11,3.0,Rainy,None,Canned Goods
2023-08-19,2,8,1.0,Rainy,None,Personal Care
2023-08-19,6,17,5.0,Rainy,None,Dairy
2023-08-19,8,12,2.0,Rainy,None,Canned Goods
2023-08-19,8,18,5.0,Rainy,None,Produce
2023-08-19,9,16,5.0,Rainy,None,Household Items
2023-08-20,7,12,4.0,Rainy,None,Dairy
2023-08-21,5,10,4.0,Rainy,None,Household Items
2023-08-21,6,18,5.0,Rainy,None,Dairy
2023-08-23,4,5,2.0,Rainy,None,Health & Wellness
2023-08-23,4,12,4.0,Rainy,None,Personal Care
2023-08-24,1,1,3.0,Rainy,None,Bakery
2023-08-24,3,13,2.0,Rainy,None,Produce
2023-08-25,7,6,2.0,Rainy,None,Produce
2023-08-26,1,1,2.0,Rainy,None,Produce
2023-08-26,1,18,4.0,Rainy,None,Canned Goods
2023-08-26,5,4,3.0,Rainy,None,Dairy
2023-08-27,1,18,2.0,Rainy,None,Snacks & Candy
2023-08-27,4,2,5.0,Rainy,None,Beverages
2023-08-27,6,9,1.0,Rainy,None,Frozen Foods
2023-08-27,7,15,6.0,Rainy,None,Bakery
2023-08-28,8,17,2.0,Rainy,None,Beverages
2023-08-29,1,2,4.0,Rainy,None,Meat & Seafood
2023-08-30,2,4,1.0,Rainy,None,Frozen Foods
2023-08-31,3,4,1.0,Rainy,None,Canned Goods
2023-08-31,4,3,3.0,Rainy,None,Dairy
2023-08-31,5,14,2.0,Rainy,None,Frozen Foods
2023-08-31,6,7,5.0,Rainy,None,Beverages
2023-08-31,7,7,2.0,Rainy,None,Frozen Foods
2023-09-01,1,9,5.0,Rainy,None,Health & Wellness
2023-09-01,1,11,4.0,Rainy,None,Beverages
2023-09-01,7,15,3.0,Rainy,None,Bakery
2023-09-03,5,11,1.0,Rainy,None,Personal Care
2023-09-03,8,3,4.0,Rainy,None,Personal Care
2023-09-04,7,9,1.0,Rainy,None,Beverages
2023-09-04,8,6,5.0,Rainy,None,Beverages
2023-09-05,1,5,3.0,Rainy,None,Snacks & Candy
2023-09-05,5,16,3.0,Rainy,None,Beverages
2023-09-05,8,3,2.0,Rainy,None,Beverages
2023-09-06,2,6,1.0,Rainy,None,Beverages
2023-09-06,2,17,4.0,Rainy,None,Frozen Foods
2023-09-07,7,12,1.0,Rainy,None,Health & Wellness
2023-09-08,1,10,3.0,Rainy,None,Canned Goods
2023-09-08,5,4,2.0,Rainy,None,Snacks & Candy
2023-09-09,4,18,4.0,Rainy,None,Snacks & Candy
2023-09-09,7,4,4.0,Rainy,None,Health & Wellness
2023-09-09,9,15,5.0,Rainy,None,Produce
2023-09-10,5,17,4.0,Rainy,None,Meat & Seafood
2023-09-11,2,9,5.0,Rainy,None,Beverages
2023-09-11,4,1,2.0,Rainy,None,Frozen Foods
2023-09-11,5,13,3.0,Rainy,None,Canned Goods
2023-09-11,5,18,1.0,Rainy,None,Bakery
2023-09-11,6,11,4.0,Rainy,None,Beverages
2023-09-11,6,16,3.0,Rainy,None,Frozen Foods
2023-09-11,8,8,4.0,Rainy,None,Health & Wellness
2023-09-11,8,13,3.0,Rainy,None,Meat & Seafood
2023-09-11,9,15,1.0,Rainy,None,Frozen Foods
2023-09-12,7,10,4.0,Rainy,None,Snacks & Candy
2023-09-13,9,8,5.0,Rainy,None,Household Items
2023-09-15,4,3,3.0,Rainy,None,Produce
2023-09-15,8,1,5.0,Rainy,None,Health & Wellness
2023-09-16,5,5,3.0,Rainy,None,Snacks & Candy
2023-09-16,7,1,3.0,Rainy,None,Beverages
2023-09-16,7,7,5.0,Rainy,None,Dairy
2023-09-16,9,13,2.0,Rainy,None,Dairy
2023-09-16,9,17,3.0,Rainy,None,Frozen Foods
2023-09-17,7,5,4.0,Rainy,None,Dairy
2023-09-18,8,5,5.0,Rainy,None,Dairy
2023-09-19,2,15,1.0,Rainy,None,Household Items
2023-09-19,4,12,1.0,Rainy,None,Snacks & Candy
2023-09-20,2,8,5.0,Rainy,None,Canned Goods
2023-09-20,3,18,5.0,Rainy,None,Snacks & Candy
2023-09-21,7,17,4.0,Rainy,None,Produce
2023-09-22,5,6,5.0,Rainy,None,Produce
2023-09-23,1,18,4.0,Rainy,None,Produce
2023-09-23,2,3,3.0,Rainy,None,Canned Goods
2023-09-23,5,12,3.0,Rainy,None,Produce
2023-09-23,5,14,3.0,Rainy,None,Dairy
2023-09-23,6,3,2.0,Rainy,None,Health & Wellness
2023-09-23,7,10,2.0,Rainy,None,Beverages
2023-09-23,8,11,3.0,Rainy,None,Dairy
2023-09-24,4,13,1.0,Rainy,None,Frozen Foods
2023-09-24,5,13,1.0,Rainy,None,Dairy
2023-09-24,6,2,4.0,Rainy,None,Meat & Seafood
2023-09-25,1,14,1.0,Rainy,None,Meat & Seafood
2023-09-25,4,11,1.0,Rainy,None,Dairy
2023-09-25,8,2,1.0,Rainy,None,Beverages
2023-09-25,8,18,2.0,Rainy,None,Canned Goods
2023-09-27,2,15,5.0,Rainy,None,Bakery
2023-09-27,4,5,3.0,Rainy,None,Personal Care
2023-09-27,5,17,4.0,Rainy,None,Personal Care
2023-09-27,6,1,1.0,Rainy,None,Meat & Seafood
2023-09-28,2,14,5.0,Rainy,None,Bakery
2023-09-28,2,18,2.0,Rainy,None,Personal Care
2023-09-28,5,17,3.0,Rainy,None,Snacks & Candy
2023-09-28,9,9,1.0,Rainy,None,Bakery
2023-09-29,2,15,2.0,Rainy,None,Meat & Seafood
2023-09-29,4,17,1.0,Rainy,None,Frozen Foods
2023-09-29,6,18,5.0,Rainy,None,Canned Goods
2023-09-29,7,15,2.0,Rainy,None,Frozen Foods
2023-09-29,9,13,3.0,Rainy,None,Frozen Foods
2023-09-30,2,17,4.0,Rainy,None,Produce
2023-09-30,9,4,4.0,Rainy,None,Beverages
2023-10-01,3,1,4.0,Rainy,None,Dairy
2023-10-01,4,8,3.0,Rainy,None,Canned Goods
2023-10-01,6,4,3.0,Rainy,None,Snacks & Candy
2023-10-01,8,13,1.0,Rainy,None,Frozen Foods
2023-10-02,1,16,2.0,Rainy,None,Personal Care
2023-10-02,5,9,5.0,Rainy,None,Beverages
2023-10-03,1,3,3.0,Rainy,None,Frozen Foods
2023-10-03,8,6,2.0,Rainy,None,Snacks & Candy
2023-10-03,9,12,4.0,Rainy,None,Household Items
2023-10-03,9,17,1.0,Rainy,None,Bakery
2023-10-04,2,2,2.0,Rainy,None,Health & Wellness
2023-10-04,3,5,4.0,Rainy,None,Canned Goods
2023-10-04,4,12,4.0,Rainy,None,Produce
2023-10-04,5,10,5.0,Rainy,None,Household Items
2023-10-04,7,7,4.0,Rainy,None,Bakery
2023-10-05,2,13,4.0,Rainy,None,Frozen Foods
2023-10-05,2,17,1.0,Rainy,None,Snacks & Candy
2023-10-05,5,14,1.0,Rainy,None,Bakery
2023-10-05,6,10,5.0,Rainy,None,Beverages
2023-10-06,2,12,2.0,Rainy,None,Bakery
2023-10-06,7,13,4.0,Rainy,None,Bakery
2023-10-07,1,14,5.0,Rainy,None,Meat & Seafood
2023-10-07,4,18,1.0,Rainy,None,Personal Care
2023-10-07,5,5,5.0,Rainy,None,Frozen Foods
2023-10-07,6,10,1.0,Rainy,None,Bakery
2023-10-07,9,9,2.0,Rainy,None,Personal Care
2023-10-08,5,13,4.0,Rainy,None,Dairy
2023-10-08,8,8,4.0,Rainy,None,Personal Care
2023-10-09,2,4,5.0,Rainy,None,Frozen Foods
2023-10-09,7,13,5.0,Rainy,None,Bakery
2023-10-10,2,2,3.0,Rainy,None,Beverages
2023-10-10,7,1,1.0,Rainy,None,Frozen Foods
2023-10-10,9,15,5.0,Rainy,None,Household Items
2023-10-11,5,4,5.0,Rainy,None,Personal Care
2023-10-12,1,14,2.0,Rainy,None,Canned Goods
2023-10-12,3,11,5.0,Rainy,None,Frozen Foods
2023-10-12,5,6,1.0,Rainy,None,Frozen Foods
2023-10-12,8,4,3.0,Rainy,None,Produce
2023-10-12,9,15,4.0,Rainy,None,Meat & Seafood
2023-10-13,1,5,5.0,Rainy,None,Canned Goods
2023-10-13,7,6,1.0,Rainy,None,Meat & Seafood
2023-10-13,8,6,4.0,Rainy,None,Meat & Seafood
2023-10-13,8,8,4.0,Rainy,None,Snacks & Candy
2023-10-14,4,4,2.0,Rainy,None,Bakery
2023-10-14,6,11,5.0,Rainy,None,Bakery
2023-10-15,3,15,4.0,Rainy,None,Snacks & Candy
2023-10-15,5,15,2.0,Rainy,None,Frozen Foods
2023-10-16,1,4,2.0,Rainy,None,Beverages
2023-10-16,3,5,5.0,Rainy,None,Produce
2023-10-16,3,11,2.0,Rainy,None,Beverages
2023-10-16,3,17,4.0,Rainy,None,Personal Care
2023-10-16,7,17,1.0,Rainy,None,Health & Wellness
2023-10-17,2,4,4.0,Rainy,None,Frozen Foods
2023-10-17,3,16,3.0,Rainy,None,Bakery
2023-10-17,5,10,1.0,Rainy,None,Canned Goods
2023-10-17,6,17,5.0,Rainy,None,Produce
2023-10-17,7,16,3.0,Rainy,None,Snacks & Candy
2023-10-17,9,8,4.0,Rainy,None,Household Items
2023-10-18,1,6,3.0,Rainy,None,Produce
2023-10-18,1,18,5.0,Rainy,None,Beverages
2023-10-18,3,1,1.0,Rainy,None,Personal Care
2023-10-18,3,15,5.0,Rainy,None,Snacks & Candy
2023-10-18,3,17,1.0,Rainy,None,Produce
2023-10-18,4,11,4.0,Rainy,None,Beverages
2023-10-18,5,2,1.0,Rainy,None,Frozen Foods
2023-10-18,5,4,4.0,Rainy,None,Snacks & Candy
2023-10-18,7,2,2.0,Rainy,None,Frozen Foods
2023-10-18,7,5,4.0,Rainy,None,Dairy
2023-10-18,9,3,3.0,Rainy,None,Personal Care
2023-10-19,2,2,4.0,Rainy,None,Dairy
2023-10-19,5,18,2.0,Rainy,None,Dairy
2023-10-21,4,9,5.0,Rainy,None,Meat & Seafood
2023-10-21,5,12,5.0,Rainy,None,Personal Care
2023-10-21,9,6,2.0,Rainy,None,Canned Goods
2023-10-21,9,14,5.0,Rainy,None,Meat & Seafood
2023-10-22,3,3,3.0,Rainy,None,Health & Wellness
2023-10-23,3,8,5.0,Rainy,None,Personal Care
2023-10-23,3,9,5.0,Rainy,None,Health & Wellness
2023-10-23,7,16,1.0,Rainy,None,Snacks & Candy
2023-10-24,8,7,2.0,Rainy,None,Produce
2023-10-24,9,9,1.0,Rainy,None,Meat & Seafood
2023-10-25,1,5,5.0,Rainy,None,Dairy
2023-10-25,1,13,2.0,Rainy,None,Personal Care
2023-10-25,2,2,1.0,Rainy,None,Bakery
2023-10-25,4,13,2.0,Rainy,None,Canned Goods
2023-10-25,6,5,4.0,Rainy,None,Health & Wellness
2023-10-26,9,1,4.0,Rainy,None,Canned Goods
2023-10-26,9,16,4.0,Rainy,None,Household Items
2023-10-26,9,17,5.0,Rainy,None,Frozen Foods
2023-10-27,3,16,4.0,Rainy,None,Household Items
2023-10-27,7,7,1.0,Rainy,None,Frozen Foods
2023-10-28,2,9,1.0,Rainy,None,Beverages
2023-10-28,6,14,2.0,Rainy,None,Frozen Foods
2023-10-28,9,17,4.0,Rainy,None,Frozen Foods
2023-10-29,3,2,5.0,Rainy,None,Snacks & Candy
2023-10-30,5,2,4.0,Rainy,None,Household Items
2023-10-30,7,10,1.0,Rainy,None,Dairy
2023-10-31,7,11,3.0,Rainy,None,Snacks & Candy
2023-11-01,4,14,4.0,Rainy,None,Frozen Foods
2023-11-01,5,8,3.0,Rainy,None,Produce
2023-11-01,8,3,5.0,Rainy,None,Beverages
2023-11-02,1,3,3.0,Rainy,None,Meat & Seafood
2023-11-02,8,3,3.0,Rainy,None,Frozen Foods
2023-11-03,4,4,3.0,Rainy,None,Personal Care
2023-11-03,5,2,3.0,Rainy,None,Frozen Foods
2023-11-04,6,11,3.0,Rainy,None,Beverages
2023-11-04,7,3,1.0,Rainy,None,Canned Goods
2023-11-04,8,8,1.0,Rainy,None,Produce
2023-11-05,1,17,2.0,Rainy,None,Canned Goods
2023-11-05,3,17,4.0,Rainy,None,Snacks & Candy
2023-11-05,5,5,4.0,Rainy,None,Personal Care
2023-11-05,6,1,2.0,Rainy,None,Snacks & Candy
2023-11-05,6,16,5.0,Rainy,None,Personal Care
2023-11-07,1,13,3.0,Rainy,None,Bakery
2023-11-07,2,9,5.0,Rainy,None,Dairy
2023-11-07,4,18,2.0,Rainy,None,Meat & Seafood
2023-11-07,8,6,2.0,Rainy,None,Snacks & Candy
2023-11-08,6,13,2.0,Rainy,None,Canned Goods
2023-11-08,7,6,4.0,Rainy,None,Household Items
2023-11-09,1,7,1.0,Rainy,None,Produce
2023-11-09,3,1,1.0,Rainy,None,Household Items
2023-11-09,3,17,2.0,Rainy,None,Canned Goods
2023-11-09,8,13,1.0,Rainy,None,Dairy
2023-11-09,9,9,5.0,Rainy,None,Personal Care
2023-11-10,1,14,2.0,Rainy,None,Personal Care
2023-11-12,9,6,2.0,Rainy,None,Produce
2023-11-12,9,18,1.0,Rainy,None,Dairy
2023-11-13,2,13,1.0,Rainy,None,Beverages
2023-11-13,3,14,5.0,Rainy,None,Bakery
2023-11-13,4,12,5.0,Rainy,None,Frozen Foods
2023-11-13,8,5,3.0,Rainy,None,Meat & Seafood
2023-11-14,4,18,5.0,Rainy,None,Dairy
2023-11-14,6,6,1.0,Rainy,None,Dairy
2023-11-15,7,14,4.0,Rainy,None,Canned Goods
2023-11-15,8,14,2.0,Rainy,None,Produce
2023-11-16,2,6,2.0,Rainy,None,Produce
2023-11-17,1,6,4.0,Rainy,None,Dairy
2023-11-17,1,9,5.0,Rainy,None,Meat & Seafood
2023-11-17,5,8,2.0,Rainy,None,Snacks & Candy
2023-11-17,9,8,1.0,Rainy,None,Frozen Foods
2023-11-18,1,11,5.0,Rainy,None,Dairy
2023-11-18,1,15,1.0,Rainy,None,Produce
2023-11-18,5,3,5.0,Rainy,None,Snacks & Candy
2023-11-20,3,4,5.0,Rainy,None,Household Items
2023-11-20,4,2,2.0,Rainy,None,Meat & Seafood
2023-11-20,4,18,2.0,Rainy,None,Snacks & Candy
2023-11-20,5,15,3.0,Rainy,None,Beverages
2023-11-20,8,7,3.0,Rainy,None,Beverages
2023-11-20,9,17,3.0,Rainy,None,Bakery
2023-11-21,1,10,4.0,Rainy,None,Frozen Foods
2023-11-21,3,6,5.0,Rainy,None,Bakery
2023-11-21,3,18,1.0,Rainy,None,Household Items
2023-11-21,4,1,4.0,Rainy,None,Household Items
2023-11-21,6,8,3.0,Rainy,None,Health & Wellness
2023-11-22,1,2,5.0,Rainy,None,Beverages
2023-11-23,2,3,4.0,Rainy,None,Bakery
2023-11-23,2,7,1.0,Rainy,None,Snacks & Candy
2023-11-23,4,8,2.0,Rainy,None,Health & Wellness
2023-11-23,7,18,5.0,Rainy,None,Beverages
2023-11-23,9,4,1.0,Rainy,None,Produce
2023-11-23,9,5,3.0,Rainy,None,Household Items
2023-11-23,9,13,5.0,Rainy,None,Dairy
2023-11-24,5,10,5.0,Rainy,None,Personal Care
2023-11-25,6,10,4.0,Rainy,None,Personal Care
2023-11-28,1,1,5.0,Rainy,None,Personal Care
2023-11-28,3,17,5.0,Rainy,None,Snacks & Candy
2023-11-28,8,18,4.0,Rainy,None,Produce
2023-11-29,2,17,2.0,Rainy,None,Snacks & Candy
2023-11-29,6,3,4.0,Rainy,None,Beverages
2023-11-29,9,8,1.0,Rainy,None,Personal Care
2023-11-30,4,6,5.0,Rainy,None,Canned Goods
2023-11-30,9,9,5.0,Rainy,None,Canned Goods
2023-12-01,4,12,3.0,Rainy,None,Beverages
2023-12-01,9,7,1.0,Rainy,None,Beverages
2023-12-02,4,3,2.0,Rainy,None,Health & Wellness
2023-12-02,5,1,4.0,Rainy,None,Produce
2023-12-02,5,17,1.0,Rainy,None,Household Items
2023-12-02,6,14,1.0,Rainy,None,Bakery
2023-12-03,2,3,4.0,Rainy,None,Snacks & Candy
2023-12-03,4,1,3.0,Rainy,None,Household Items
2023-12-04,4,18,5.0,Rainy,None,Beverages
2023-12-04,9,17,2.0,Rainy,None,Frozen Foods
2023-12-05,2,11,5.0,Rainy,None,Personal Care
2023-12-05,4,18,1.0,Rainy,None,Personal Care
2023-12-05,6,16,4.0,Rainy,None,Meat & Seafood
2023-12-05,9,14,4.0,Rainy,None,Snacks & Candy
2023-12-06,1,14,3.0,Rainy,None,Beverages
2023-12-06,6,9,3.0,Rainy,None,Bakery
2023-12-07,3,2,2.0,Rainy,None,Beverages
2023-12-07,5,10,4.0,Rainy,None,Canned Goods
2023-12-07,5,13,1.0,Rainy,None,Personal Care
2023-12-07,6,13,4.0,Rainy,None,Canned Goods
2023-12-08,9,9,1.0,Rainy,None,Frozen Foods
2023-12-09,8,6,4.0,Rainy,None,Meat & Seafood
2023-12-10,5,3,1.0,Rainy,None,Household Items
2023-12-10,8,17,4.0,Rainy,None,Personal Care
2023-12-11,1,3,2.0,Rainy,None,Dairy
2023-12-11,4,18,4.0,Rainy,None,Beverages
2023-12-11,5,2,5.0,Rainy,None,Personal Care
2023-12-12,7,3,2.0,Rainy,None,Frozen Foods
2023-12-12,8,12,2.0,Rainy,None,Meat & Seafood
2023-12-12,9,9,1.0,Rainy,None,Dairy
2023-12-13,1,10,3.0,Rainy,None,Produce
2023-12-13,7,3,3.0,Rainy,None,Meat & Seafood
2023-12-14,2,2,4.0,Rainy,None,Dairy
2023-12-14,2,18,2.0,Rainy,None,Personal Care
2023-12-14,4,1,4.0,Rainy,None,Produce
2023-12-14,5,18,2.0,Rainy,None,Dairy
2023-12-14,6,10,3.0,Rainy,None,Snacks & Candy
2023-12-15,2,15,2.0,Rainy,None,Personal Care
2023-12-15,3,10,2.0,Rainy,None,Health & Wellness
2023-12-15,5,17,4.0,Rainy,None,Personal Care
2023-12-15,7,8,4.0,Rainy,None,Produce
2023-12-16,2,9,2.0,Rainy,None,Dairy
2023-12-16,6,16,2.0,Rainy,None,Personal Care
2023-12-16,7,5,5.0,Rainy,None,Meat & Seafood
2023-12-17,4,7,1.0,Rainy,None,Frozen Foods
2023-12-17,5,14,3.0,Rainy,None,Canned Goods
2023-12-17,9,6,3.0,Rainy,None,Health & Wellness
2023-12-20,2,5,5.0,Rainy,None,Health & Wellness
2023-12-21,1,12,3.0,Rainy,None,Meat & Seafood
2023-12-21,1,16,4.0,Rainy,None,Bakery
2023-12-21,5,10,1.0,Rainy,None,Meat & Seafood
2023-12-22,3,11,3.0,Rainy,None,Beverages
2023-12-22,8,17,5.0,Rainy,None,Beverages
2023-12-23,4,9,5.0,Rainy,None,Personal Care
2023-12-24,3,18,1.0,Rainy,None,Bakery
2023-12-24,4,12,2.0,Rainy,None,Household Items
2023-12-24,5,12,3.0,Rainy,None,Snacks & Candy
2023-12-24,8,6,5.0,Rainy,None,Health & Wellness
2023-12-25,2,9,5.0,Rainy,None,Frozen Foods
2023-12-25,2,16,1.0,Rainy,None,Meat & Seafood
2023-12-25,8,16,5.0,Rainy,None,Personal Care
2023-12-26,3,10,3.0,Rainy,None,Bakery
2023-12-26,3,18,2.0,Rainy,None,Canned Goods
2023-12-27,5,18,5.0,Rainy,None,Health & Wellness
2023-12-28,6,17,2.0,Rainy,None,Canned Goods
2023-12-28,9,13,1.0,Rainy,None,Bakery
2023-12-29,6,9,4.0,Rainy,None,Canned Goods
2023-12-29,7,3,2.0,Rainy,None,Health & Wellness
2023-12-30,4,4,5.0,Rainy,None,Produce
2023-12-30,6,13,1.0,Rainy,None,Health & Wellness
2023-12-31,1,11,5.0,Rainy,None,Meat & Seafood
2023-12-31,4,13,2.0,Rainy,None,Produce
2024-01-01,4,14,3.0,Dry,None,Health & Wellness
2024-01-01,4,17,1.0,Dry,None,Frozen Foods
2024-01-01,8,15,5.0,Dry,None,Bakery
2024-01-02,1,5,3.0,Dry,None,Bakery
2024-01-02,3,15,2.0,Dry,None,Bakery
2024-01-03,2,5,3.0,Dry,None,Bakery
2024-01-03,4,7,3.0,Dry,None,Beverages
2024-01-03,7,13,3.0,Dry,None,Health & Wellness
2024-01-03,9,8,1.0,Dry,None,Household Items
2024-01-04,3,7,3.0,Dry,None,Snacks & Candy
2024-01-06,3,18,5.0,Dry,None,Household Items
2024-01-07,7,8,1.0,Dry,None,Canned Goods
2024-01-07,8,3,1.0,Dry,None,Meat & Seafood
2024-01-08,2,1,3.0,Dry,None,Personal Care
2024-01-08,4,18,2.0,Dry,None,Beverages
2024-01-09,3,8,5.0,Dry,None,Beverages
2024-01-09,7,5,2.0,Dry,None,Frozen Foods
2024-01-10,5,10,4.0,Dry,None,Meat & Seafood
2024-01-11,1,2,5.0,Dry,None,Canned Goods
2024-01-11,2,16,3.0,Dry,None,Snacks & Candy
2024-01-11,7,7,1.0,Dry,None,Bakery
2024-01-12,1,17,5.0,Dry,None,Frozen Foods
2024-01-12,2,12,4.0,Dry,None,Frozen Foods
2024-01-12,3,13,3.0,Dry,None,Bakery
2024-01-13,4,9,3.0,Dry,None,Beverages
2024-01-13,9,11,1.0,Dry,None,Household Items
2024-01-14,5,15,4.0,Dry,None,Household Items
2024-01-17,5,9,1.0,Dry,None,Canned Goods
2024-01-17,6,4,5.0,Dry,None,Bakery
2024-01-17,8,12,1.0,Dry,None,Bakery
2024-01-18,6,14,2.0,Dry,None,Beverages
2024-01-18,8,9,3.0,Dry,None,Canned Goods
2024-01-18,8,11,3.0,Dry,None,Beverages
2024-01-19,3,18,2.0,Dry,None,Bakery
2024-01-19,7,11,5.0,Dry,None,Snacks & Candy
2024-01-19,7,15,2.0,Dry,None,Dairy
2024-01-20,1,2,3.0,Dry,None,Beverages
2024-01-20,1,9,5.0,Dry,None,Snacks & Candy
2024-01-20,1,11,4.0,Dry,None,Personal Care
2024-01-20,2,12,5.0,Dry,None,Health & Wellness
2024-01-20,9,8,2.0,Dry,None,Household Items
2024-01-21,3,7,3.0,Dry,None,Dairy
2024-01-21,5,8,3.0,Dry,None,Household Items
2024-01-21,6,14,1.0,Dry,None,Personal Care
2024-01-21,7,17,1.0,Dry,None,Frozen Foods
2024-01-21,8,12,1.0,Dry,None,Household Items
2024-01-22,5,1,3.0,Dry,None,Snacks & Candy
2024-01-22,9,13,3.0,Dry,None,Household Items
2024-01-23,9,1,4.0,Dry,None,Produce
2024-01-24,7,5,1.0,Dry,None,Snacks & Candy
2024-01-24,8,1,2.0,Dry,None,Snacks & Candy
2024-01-25,7,17,1.0,Dry,None,Beverages
2024-01-26,4,17,4.0,Dry,None,Bakery
2024-01-26,6,2,2.0,Dry,None,Produce
2024-01-26,6,9,4.0,Dry,None,Produce
2024-01-26,8,3,4.0,Dry,None,Beverages
2024-01-26,9,3,3.0,Dry,None,Health & Wellness
2024-01-27,5,12,2.0,Dry,None,Dairy
2024-01-28,8,7,5.0,Dry,None,Dairy
2024-01-28,9,4,3.0,Dry,None,Health & Wellness
2024-01-28,9,5,5.0,Dry,None,Bakery
2024-01-28,9,17,4.0,Dry,None,Beverages
2024-01-29,3,18,4.0,Dry,None,Snacks & Candy
2024-01-30,4,3,5.0,Dry,None,Canned Goods
2024-01-31,1,5,5.0,Dry,None,Canned Goods
2024-01-31,3,3,1.0,Dry,None,Frozen Foods
2024-01-31,6,1,1.0,Dry,None,Household Items
2024-01-31,8,4,4.0,Dry,None,Health & Wellness
2024-01-31,9,5,3.0,Dry,None,Beverages
2024-02-01,1,12,2.0,Dry,None,Health & Wellness
2024-02-01,7,9,4.0,Dry,None,Personal Care
2024-02-02,9,3,4.0,Dry,None,Health & Wellness
2024-02-03,5,5,2.0,Dry,None,Health & Wellness
2024-02-03,9,6,5.0,Dry,None,Bakery
2024-02-04,3,5,1.0,Dry,None,Beverages
2024-02-04,8,8,3.0,Dry,None,Snacks & Candy
2024-02-05,1,10,2.0,Dry,None,Household Items
2024-02-05,4,3,3.0,Dry,None,Health & Wellness
2024-02-05,4,18,2.0,Dry,None,Meat & Seafood
2024-02-05,7,8,1.0,Dry,None,Household Items
2024-02-06,1,2,2.0,Dry,None,Household Items
2024-02-06,2,15,1.0,Dry,None,Household Items
2024-02-06,6,15,3.0,Dry,None,Beverages
2024-02-07,6,2,3.0,Dry,None,Canned Goods
2024-02-07,6,17,2.0,Dry,None,Household Items
2024-02-07,7,15,4.0,Dry,None,Canned Goods
2024-02-08,1,7,2.0,Dry,None,Personal Care
2024-02-08,2,5,4.0,Dry,None,Frozen Foods
2024-02-08,5,10,2.0,Dry,None,Beverages
2024-02-08,7,7,1.0,Dry,None,Bakery
2024-02-08,7,15,3.0,Dry,None,Produce
2024-02-08,9,17,5.0,Dry,None,Canned Goods
2024-02-09,4,10,1.0,Dry,None,Health & Wellness
2024-02-09,7,4,3.0,Dry,None,Dairy
2024-02-09,9,14,1.0,Dry,None,Snacks & Candy
2024-02-10,1,9,1.0,Dry,None,Household Items
2024-02-10,1,11,2.0,Dry,None,Household Items
2024-02-10,2,10,1.0,Dry,None,Household Items
2024-02-11,3,9,2.0,Dry,None,Bakery
2024-02-11,6,3,1.0,Dry,None,Dairy
2024-02-11,7,11,5.0,Dry,None,Canned Goods
2024-02-11,8,9,1.0,Dry,None,Dairy
2024-02-12,3,8,5.0,Dry,None,Dairy
2024-02-12,4,4,4.0,Dry,None,Personal Care
2024-02-12,5,4,4.0,Dry,None,Beverages
2024-02-12,7,11,4.0,Dry,None,Canned Goods
2024-02-13,2,2,1.0,Dry,None,Dairy
2024-02-13,2,10,4.0,Dry,None,Health & Wellness
2024-02-14,2,13,5.0,Dry,None,Beverages
2024-02-15,3,2,4.0,Dry,None,Household Items
2024-02-15,4,1,2.0,Dry,None,Produce
2024-02-15,5,12,5.0,Dry,None,Frozen Foods
2024-02-15,6,12,5.0,Dry,None,Beverages
2024-02-15,7,18,1.0,Dry,None,Canned Goods
2024-02-15,8,6,2.0,Dry,None,Meat & Seafood
2024-02-15,9,3,1.0,Dry,None,Canned Goods
2024-02-15,9,8,4.0,Dry,None,Personal Care
2024-02-16,1,5,2.0,Dry,None,Produce
2024-02-16,7,12,5.0,Dry,None,Household Items
2024-02-16,9,16,3.0,Dry,None,Household Items
2024-02-17,4,17,3.0,Dry,None,Canned Goods
2024-02-17,5,4,4.0,Dry,None,Frozen Foods
2024-02-17,8,8,4.0,Dry,None,Meat & Seafood
2024-02-18,3,16,3.0,Dry,None,Dairy
2024-02-18,4,6,4.0,Dry,None,Dairy
2024-02-18,6,1,2.0,Dry,None,Produce
2024-02-19,3,1,3.0,Dry,None,Household Items
2024-02-19,9,13,5.0,Dry,None,Frozen Foods
2024-02-20,7,17,2.0,Dry,None,Household Items
2024-02-21,6,7,1.0,Dry,None,Frozen Foods
2024-02-22,2,15,4.0,Dry,None,Personal Care
2024-02-22,6,18,4.0,Dry,None,Household Items
2024-02-25,1,17,4.0,Dry,None,Bakery
2024-02-25,3,8,4.0,Dry,None,Personal Care
2024-02-25,5,12,5.0,Dry,None,Produce
2024-02-26,3,11,5.0,Dry,None,Health & Wellness
2024-02-26,8,14,1.0,Dry,None,Frozen Foods
2024-02-26,9,13,3.0,Dry,None,Canned Goods
2024-02-27,5,15,5.0,Dry,None,Beverages
2024-02-28,1,17,4.0,Dry,None,Meat & Seafood
2024-02-28,4,5,1.0,Dry,None,Personal Care
2024-02-28,6,1,4.0,Dry,None,Health & Wellness
2024-02-28,9,13,5.0,Dry,None,Canned Goods
2024-02-28,9,14,2.0,Dry,None,Frozen Foods
2024-02-29,6,8,3.0,Dry,None,Beverages
2024-02-29,7,4,3.0,Dry,None,Household Items
2024-03-01,1,1,5.0,Dry,None,Dairy
2024-03-01,1,18,2.0,Dry,None,Frozen Foods
2024-03-01,2,9,1.0,Dry,None,Bakery
2024-03-01,3,3,3.0,Dry,None,Personal Care
2024-03-01,4,14,2.0,Dry,None,Household Items
2024-03-02,1,3,2.0,Dry,None,Dairy
2024-03-02,3,4,4.0,Dry,None,Dairy
2024-03-02,5,17,5.0,Dry,None,Canned Goods
2024-03-04,3,10,5.0,Dry,None,Canned Goods
2024-03-04,4,5,1.0,Dry,None,Meat & Seafood
2024-03-04,8,15,2.0,Dry,None,Household Items
2024-03-04,9,18,1.0,Dry,None,Canned Goods
2024-03-05,1,1,4.0,Dry,None,Personal Care
2024-03-05,3,7,4.0,Dry,None,Household Items
2024-03-05,5,3,4.0,Dry,None,Health & Wellness
2024-03-05,8,18,5.0,Dry,None,Health & Wellness
2024-03-05,9,15,7.0,Dry,None,Health & Wellness
2024-03-05,9,16,5.0,Dry,None,Personal Care
2024-03-06,2,3,4.0,Dry,None,Snacks & Candy
2024-03-06,8,16,2.0,Dry,None,Frozen Foods
2024-03-07,3,11,1.0,Dry,None,Beverages
2024-03-07,3,18,1.0,Dry,None,Snacks & Candy
2024-03-07,6,11,1.0,Dry,None,Bakery
2024-03-07,7,1,5.0,Dry,None,Dairy
2024-03-07,8,13,4.0,Dry,None,Health & Wellness
2024-03-08,1,9,5.0,Dry,None,Dairy
2024-03-08,4,1,2.0,Dry,None,Produce
2024-03-08,4,16,2.0,Dry,None,Health & Wellness
2024-03-08,4,18,3.0,Dry,None,Personal Care
2024-03-08,6,11,1.0,Dry,None,Dairy
2024-03-09,4,15,2.0,Dry,None,Produce
2024-03-09,7,1,5.0,Dry,None,Household Items
2024-03-09,8,4,1.0,Dry,None,Frozen Foods
2024-03-10,2,13,1.0,Dry,None,Bakery
2024-03-10,2,16,5.0,Dry,None,Canned Goods
2024-03-10,5,9,4.0,Dry,None,Snacks & Candy
2024-03-10,6,7,4.0,Dry,None,Snacks & Candy
2024-03-10,9,18,1.0,Dry,None,Meat & Seafood
2024-03-11,1,2,3.0,Dry,None,Personal Care
2024-03-12,1,12,2.0,Dry,None,Bakery
2024-03-13,3,6,1.0,Dry,None,Health & Wellness
2024-03-14,5,17,2.0,Dry,None,Dairy
2024-03-14,6,8,3.0,Dry,None,Produce
2024-03-14,8,9,5.0,Dry,None,Meat & Seafood
2024-03-15,1,16,1.0,Dry,None,Household Items
2024-03-15,2,7,1.0,Dry,None,Frozen Foods
2024-03-15,3,6,4.0,Dry,None,Bakery
2024-03-15,8,18,4.0,Dry,None,Beverages
2024-03-16,1,18,2.0,Dry,None,Meat & Seafood
2024-03-16,5,6,2.0,Dry,None,Dairy
2024-03-17,6,1,5.0,Dry,None,Personal Care
2024-03-17,8,6,2.0,Dry,None,Personal Care
2024-03-17,8,14,1.0,Dry,None,Dairy
2024-03-17,9,4,3.0,Dry,None,Produce
2024-03-18,1,8,4.0,Dry,None,Health & Wellness
2024-03-18,2,6,4.0,Dry,None,Personal Care
2024-03-18,3,13,5.0,Dry,None,Dairy
2024-03-18,3,16,3.0,Dry,None,Produce
2024-03-18,8,14,4.0,Dry,None,Beverages
2024-03-19,4,6,3.0,Dry,None,Personal Care
2024-03-19,9,14,4.0,Dry,None,Snacks & Candy
2024-03-20,5,13,2.0,Dry,None,Canned Goods
2024-03-20,6,8,8.0,Dry,None,Snacks & Candy
2024-03-23,3,10,1.0,Dry,None,Frozen Foods
2024-03-23,6,1,4.0,Dry,None,Bakery
2024-03-23,8,8,5.0,Dry,None,Canned Goods
2024-03-24,1,4,2.0,Dry,None,Dairy
2024-03-24,5,6,5.0,Dry,None,Personal Care
2024-03-24,9,5,4.0,Dry,None,Frozen Foods
2024-03-25,4,8,3.0,Dry,None,Meat & Seafood
2024-03-25,7,9,1.0,Dry,None,Meat & Seafood
2024-03-25,8,14,1.0,Dry,None,Health & Wellness
2024-03-26,1,3,5.0,Dry,None,Canned Goods
2024-03-26,3,13,5.0,Dry,None,Canned Goods
2024-03-26,5,9,1.0,Dry,None,Health & Wellness
2024-03-26,9,9,4.0,Dry,None,Canned Goods
2024-03-27,1,1,2.0,Dry,None,Bakery
2024-03-27,1,16,1.0,Dry,None,Snacks & Candy
2024-03-27,1,17,1.0,Dry,None,Dairy
2024-03-27,8,8,2.0,Dry,None,Household Items
2024-03-28,2,3,2.0,Dry,None,Frozen Foods
2024-03-28,3,18,3.0,Dry,None,Produce
2024-03-28,8,10,4.0,Dry,None,Canned Goods
2024-03-29,8,17,3.0,Dry,None,Beverages
2024-03-30,2,16,3.0,Dry,None,Snacks & Candy
2024-03-30,6,10,5.0,Dry,None,Canned Goods
2024-03-30,6,14,5.0,Dry,None,Frozen Foods
2024-03-31,5,5,5.0,Dry,None,Personal Care
2024-03-31,7,5,4.0,Dry,None,Bakery
2024-04-01,4,17,4.0,Dry,None,Frozen Foods
2024-04-02,2,2,2.0,Dry,None,Frozen Foods
2024-04-02,8,16,5.0,Dry,None,Frozen Foods
2024-04-02,9,17,3.0,Dry,None,Dairy
2024-04-03,3,6,5.0,Dry,None,Personal Care
2024-04-03,3,10,1.0,Dry,None,Bakery
2024-04-03,4,2,2.0,Dry,None,Personal Care
2024-04-03,7,18,5.0,Dry,None,Dairy
2024-04-03,8,14,3.0,Dry,None,Canned Goods
2024-04-04,2,8,1.0,Dry,None,Personal Care
2024-04-04,9,14,1.0,Dry,None,Snacks & Candy
2024-04-05,1,16,3.0,Dry,None,Dairy
2024-04-05,3,12,4.0,Dry,None,Bakery
2024-04-05,7,14,3.0,Dry,None,Health & Wellness
2024-04-06,9,5,3.0,Dry,None,Canned Goods
2024-04-06,9,7,1.0,Dry,None,Health & Wellness
2024-04-07,5,18,5.0,Dry,None,Beverages
2024-04-07,7,18,3.0,Dry,None,Beverages
2024-04-07,8,2,1.0,Dry,None,Dairy
2024-04-08,5,1,2.0,Dry,None,Snacks & Candy
2024-04-08,6,15,5.0,Dry,None,Bakery
2024-04-08,8,3,5.0,Dry,None,Meat & Seafood
2024-04-08,9,5,4.0,Dry,None,Health & Wellness
2024-04-09,3,1,1.0,Dry,None,Bakery
2024-04-10,2,2,4.0,Dry,None,Beverages
2024-04-10,3,8,3.0,Dry,None,Household Items
2024-04-10,6,3,4.0,Dry,None,Dairy
2024-04-10,7,12,1.0,Dry,None,Frozen Foods
2024-04-12,3,7,2.0,Dry,None,Personal Care
2024-04-12,4,6,1.0,Dry,None,Personal Care
2024-04-12,4,8,3.0,Dry,None,Canned Goods
2024-04-13,6,4,4.0,Dry,None,Frozen Foods
2024-04-13,6,8,1.0,Dry,None,Meat & Seafood
2024-04-14,5,16,2.0,Dry,None,Health & Wellness
2024-04-15,3,12,1.0,Dry,None,Meat & Seafood
2024-04-16,1,11,5.0,Dry,None,Canned Goods
2024-04-16,3,3,6.0,Dry,None,Produce
2024-04-16,8,10,4.0,Dry,None,Snacks & Candy
2024-04-17,1,15,2.0,Dry,None,Bakery
2024-04-17,3,3,2.0,Dry,None,Beverages
2024-04-17,6,5,3.0,Dry,None,Meat & Seafood
2024-04-17,9,18,3.0,Dry,None,Household Items
2024-04-18,8,11,3.0,Dry,None,Meat & Seafood
2024-04-19,3,16,3.0,Dry,None,Snacks & Candy
2024-04-19,5,5,1.0,Dry,None,Canned Goods
2024-04-19,9,3,1.0,Dry,None,Bakery
2024-04-20,2,18,4.0,Dry,None,Produce
2024-04-20,5,7,1.0,Dry,None,Produce
2024-04-20,8,8,4.0,Dry,None,Personal Care
2024-04-21,3,15,3.0,Dry,None,Personal Care
2024-04-21,7,15,2.0,Dry,None,Frozen Foods
2024-04-21,9,9,4.0,Dry,None,Dairy
2024-04-21,9,13,2.0,Dry,None,Frozen Foods
2024-04-22,3,16,4.0,Dry,None,Personal Care
2024-04-23,1,5,1.0,Dry,None,Personal Care
2024-04-23,5,5,1.0,Dry,None,Produce
2024-04-23,7,4,5.0,Dry,None,Produce
2024-04-24,9,2,3.0,Dry,None,Personal Care
2024-04-25,3,8,5.0,Dry,None,Bakery
2024-04-25,4,2,3.0,Dry,None,Personal Care
2024-04-25,5,1,3.0,Dry,None,Meat & Seafood
2024-04-25,5,11,1.0,Dry,None,Snacks & Candy
2024-04-26,1,12,5.0,Dry,None,Meat & Seafood
2024-04-26,4,3,3.0,Dry,None,Health & Wellness
2024-04-27,2,10,5.0,Dry,None,Dairy
2024-04-27,2,14,2.0,Dry,None,Frozen Foods
2024-04-27,3,9,3.0,Dry,None,Health & Wellness
2024-04-27,6,6,3.0,Dry,None,Dairy
2024-04-27,9,10,4.0,Dry,None,Beverages
2024-04-28,6,16,3.0,Dry,None,Produce
2024-04-29,2,9,4.0,Dry,None,Household Items
2024-04-30,1,9,4.0,Dry,None,Frozen Foods
2024-04-30,2,7,2.0,Dry,None,Bakery
2024-04-30,3,1,1.0,Dry,None,Dairy
2024-04-30,4,7,2.0,Dry,None,Canned Goods
2024-05-01,2,13,5.0,Dry,None,Beverages
2024-05-01,4,12,3.0,Dry,None,Frozen Foods
2024-05-01,6,8,5.0,Dry,None,Snacks & Candy
2024-05-02,1,11,3.0,Dry,None,Personal Care
2024-05-02,7,10,5.0,Dry,None,Dairy
2024-05-02,8,1,4.0,Dry,None,Produce
2024-05-03,1,7,5.0,Dry,None,Dairy
2024-05-03,4,8,1.0,Dry,None,Personal Care
2024-05-03,4,9,4.0,Dry,None,Frozen Foods
2024-05-03,5,10,4.0,Dry,None,Produce
2024-05-03,6,12,5.0,Dry,None,Health & Wellness
2024-05-03,9,1,1.0,Dry,None,Canned Goods
2024-05-04,6,15,5.0,Dry,None,Health & Wellness
2024-05-04,8,11,5.0,Dry,None,Dairy
2024-05-05,1,4,5.0,Dry,None,Snacks & Candy
2024-05-05,6,11,1.0,Dry,None,Beverages
2024-05-05,7,17,3.0,Dry,None,Produce
2024-05-06,1,2,1.0,Dry,None,Household Items
2024-05-06,2,7,2.0,Dry,None,Frozen Foods
2024-05-06,4,18,5.0,Dry,None,Canned Goods
2024-05-06,5,3,1.0,Dry,None,Canned Goods
2024-05-06,5,10,4.0,Dry,None,Bakery
2024-05-06,5,14,1.0,Dry,None,Produce
2024-05-06,9,3,2.0,Dry,None,Snacks & Candy
2024-05-07,3,13,5.0,Dry,None,Produce
2024-05-07,9,7,3.0,Dry,None,Frozen Foods
2024-05-08,1,18,1.0,Dry,None,Snacks & Candy
2024-05-08,8,5,5.0,Dry,None,Personal Care
2024-05-08,8,7,4.0,Dry,None,Frozen Foods
2024-05-09,7,3,2.0,Dry,None,Personal Care
2024-05-09,7,9,1.0,Dry,None,Personal Care
2024-05-10,5,9,5.0,Dry,None,Health & Wellness
2024-05-11,4,12,5.0,Dry,None,Snacks & Candy
2024-05-11,6,5,4.0,Dry,None,Snacks & Candy
2024-05-12,9,14,3.0,Dry,None,Snacks & Candy
2024-05-13,1,17,1.0,Dry,None,Canned Goods
2024-05-13,5,18,1.0,Dry,None,Beverages
2024-05-13,9,18,1.0,Dry,None,Beverages
2024-05-14,5,16,5.0,Dry,None,Canned Goods
2024-05-14,6,15,2.0,Dry,None,Bakery
2024-05-14,6,18,1.0,Dry,None,Dairy
2024-05-14,8,17,3.0,Dry,None,Personal Care
2024-05-15,3,12,2.0,Dry,None,Household Items
2024-05-15,3,16,4.0,Dry,None,Meat & Seafood
2024-05-15,8,6,2.0,Dry,None,Produce
2024-05-15,9,3,3.0,Dry,None,Frozen Foods
2024-05-16,1,14,4.0,Dry,None,Snacks & Candy
2024-05-16,3,1,2.0,Dry,None,Canned Goods
2024-05-16,8,15,5.0,Dry,None,Snacks & Candy
2024-05-17,3,11,1.0,Dry,None,Bakery
2024-05-18,1,4,3.0,Dry,None,Household Items
2024-05-18,6,2,3.0,Dry,None,Bakery
2024-05-18,7,18,1.0,Dry,None,Canned Goods
2024-05-18,8,8,2.0,Dry,None,Health & Wellness
2024-05-18,9,12,2.0,Dry,None,Bakery
2024-05-19,2,6,2.0,Dry,None,Snacks & Candy
2024-05-19,5,9,3.0,Dry,None,Meat & Seafood
2024-05-20,3,12,3.0,Dry,None,Personal Care
2024-05-20,4,3,1.0,Dry,None,Beverages
2024-05-20,4,11,5.0,Dry,None,Beverages
2024-05-21,6,14,4.0,Dry,None,Dairy
2024-05-21,9,16,5.0,Dry,None,Beverages
2024-05-22,2,14,4.0,Dry,None,Meat & Seafood
2024-05-22,3,6,4.0,Dry,None,Canned Goods
2024-05-22,6,14,5.0,Dry,None,Household Items
2024-05-22,7,5,5.0,Dry,None,Frozen Foods
2024-05-23,4,3,3.0,Dry,None,Household Items
2024-05-23,6,10,2.0,Dry,None,Produce
2024-05-24,1,7,2.0,Dry,None,Dairy
2024-05-24,3,16,1.0,Dry,None,Snacks & Candy
2024-05-24,7,12,2.0,Dry,None,Snacks & Candy
2024-05-24,8,7,4.0,Dry,None,Dairy
2024-05-25,1,16,1.0,Dry,None,Produce
2024-05-25,6,7,3.0,Dry,None,Bakery
2024-05-27,2,8,1.0,Dry,None,Dairy
2024-05-27,3,11,5.0,Dry,None,Frozen Foods
2024-05-27,4,2,5.0,Dry,None,Meat & Seafood
2024-05-27,8,3,2.0,Dry,None,Household Items
2024-05-28,2,1,2.0,Dry,None,Canned Goods
2024-05-28,2,2,2.0,Dry,None,Household Items
2024-05-28,2,8,2.0,Dry,None,Produce
2024-05-28,2,13,5.0,Dry,None,Snacks & Candy
2024-05-28,5,14,3.0,Dry,None,Frozen Foods
2024-05-28,9,12,2.0,Dry,None,Dairy
2024-05-29,3,4,4.0,Dry,None,Meat & Seafood
2024-05-30,1,7,1.0,Dry,None,Beverages
2024-05-30,4,5,1.0,Dry,None,Canned Goods
2024-05-30,4,12,1.0,Dry,None,Personal Care
2024-05-30,4,13,4.0,Dry,None,Health & Wellness
2024-05-30,6,14,3.0,Dry,None,Household Items
2024-05-30,9,10,2.0,Dry,None,Canned Goods
2024-05-31,3,8,2.0,Dry,None,Bakery
2024-05-31,9,5,1.0,Dry,None,Beverages
2024-06-01,1,1,4.0,Rainy,None,Personal Care
2024-06-01,3,9,2.0,Rainy,None,Health & Wellness
2024-06-02,2,14,5.0,Rainy,None,Health & Wellness
2024-06-02,9,4,3.0,Rainy,None,Health & Wellness
2024-06-04,4,2,3.0,Rainy,None,Personal Care
2024-06-04,6,14,1.0,Rainy,None,Snacks & Candy
2024-06-04,8,8,3.0,Rainy,None,Household Items
2024-06-05,2,10,5.0,Rainy,None,Snacks & Candy
2024-06-05,3,15,1.0,Rainy,None,Beverages
2024-06-05,7,14,3.0,Rainy,None,Canned Goods
2024-06-07,9,10,1.0,Rainy,None,Snacks & Candy
2024-06-09,1,2,2.0,Rainy,None,Snacks & Candy
2024-06-09,4,2,1.0,Rainy,None,Canned Goods
2024-06-09,4,4,5.0,Rainy,None,Dairy
2024-06-09,4,11,3.0,Rainy,None,Snacks & Candy
2024-06-09,6,4,4.0,Rainy,None,Meat & Seafood
2024-06-09,6,18,1.0,Rainy,None,Canned Goods
2024-06-09,8,10,5.0,Rainy,None,Bakery
2024-06-10,2,10,2.0,Rainy,None,Health & Wellness
2024-06-10,4,2,3.0,Rainy,None,Household Items
2024-06-10,7,7,4.0,Rainy,None,Household Items
2024-06-11,1,16,1.0,Rainy,None,Beverages
2024-06-11,2,12,1.0,Rainy,None,Beverages
2024-06-11,3,16,5.0,Rainy,None,Canned Goods
2024-06-11,4,16,5.0,Rainy,None,Frozen Foods
2024-06-11,5,4,3.0,Rainy,None,Frozen Foods
2024-06-12,9,5,1.0,Rainy,None,Household Items
2024-06-13,2,18,4.0,Rainy,None,Snacks & Candy
2024-06-13,4,8,3.0,Rainy,None,Snacks & Candy
2024-06-13,8,6,4.0,Rainy,None,Produce
2024-06-13,8,16,4.0,Rainy,None,Health & Wellness
2024-06-14,8,8,4.0,Rainy,None,Bakery
2024-06-14,9,7,2.0,Rainy,None,Frozen Foods
2024-06-15,2,3,1.0,Rainy,None,Household Items
2024-06-16,7,18,2.0,Rainy,None,Bakery
2024-06-17,4,16,3.0,Rainy,None,Snacks & Candy
2024-06-17,8,16,1.0,Rainy,None,Personal Care
2024-06-17,8,18,2.0,Rainy,None,Snacks & Candy
2024-06-18,4,18,1.0,Rainy,None,Meat & Seafood
2024-06-18,7,2,4.0,Rainy,None,Frozen Foods
2024-06-18,7,14,3.0,Rainy,None,Snacks & Candy
2024-06-19,2,15,1.0,Rainy,None,Meat & Seafood
2024-06-19,6,10,2.0,Rainy,None,Health & Wellness
2024-06-19,8,2,3.0,Rainy,None,Dairy
2024-06-19,8,8,3.0,Rainy,None,Household Items
2024-06-20,6,7,4.0,Rainy,None,Household Items
2024-06-20,8,14,2.0,Rainy,None,Beverages
2024-06-21,2,8,1.0,Rainy,None,Dairy
2024-06-21,7,5,3.0,Rainy,None,Frozen Foods
2024-06-22,1,8,2.0,Rainy,None,Beverages
2024-06-22,3,8,2.0,Rainy,None,Health & Wellness
2024-06-22,9,15,4.0,Rainy,None,Health & Wellness
2024-06-23,1,9,2.0,Rainy,None,Beverages
2024-06-23,2,11,1.0,Rainy,None,Snacks & Candy
2024-06-23,6,16,3.0,Rainy,None,Bakery
2024-06-23,8,1,4.0,Rainy,None,Produce
2024-06-23,9,18,1.0,Rainy,None,Household Items
2024-06-24,2,18,3.0,Rainy,None,Beverages
2024-06-24,3,3,1.0,Rainy,None,Frozen Foods
2024-06-24,4,9,1.0,Rainy,None,Canned Goods
2024-06-24,6,10,4.0,Rainy,None,Snacks & Candy
2024-06-24,8,2,1.0,Rainy,None,Health & Wellness
2024-06-24,9,2,4.0,Rainy,None,Meat & Seafood
2024-06-25,4,10,5.0,Rainy,None,Meat & Seafood
2024-06-25,4,12,3.0,Rainy,None,Snacks & Candy
2024-06-25,6,3,2.0,Rainy,None,Produce
2024-06-26,5,7,5.0,Rainy,None,Health & Wellness
2024-06-26,7,18,3.0,Rainy,None,Frozen Foods
2024-06-27,1,2,3.0,Rainy,None,Bakery
2024-06-27,3,12,1.0,Rainy,None,Household Items
2024-06-27,5,3,5.0,Rainy,None,Frozen Foods
2024-06-27,5,9,2.0,Rainy,None,Snacks & Candy
2024-06-27,5,12,1.0,Rainy,None,Meat & Seafood
2024-06-28,3,1,3.0,Rainy,None,Household Items
2024-06-28,9,10,2.0,Rainy,None,Bakery
2024-06-29,3,10,3.0,Rainy,None,Dairy
2024-06-30,1,15,3.0,Rainy,None,Health & Wellness
2024-06-30,3,17,3.0,Rainy,None,Personal Care
2024-07-01,8,8,2.0,Rainy,None,Canned Goods
2024-07-01,8,14,1.0,Rainy,None,Bakery
2024-07-02,1,2,4.0,Rainy,None,Health & Wellness
2024-07-02,8,14,4.0,Rainy,None,Meat & Seafood
2024-07-03,8,8,1.0,Rainy,None,Canned Goods
2024-07-03,9,13,1.0,Rainy,None,Dairy
2024-07-04,2,7,4.0,Rainy,None,Health & Wellness
2024-07-05,3,3,3.0,Rainy,None,Canned Goods
2024-07-05,3,17,2.0,Rainy,None,Meat & Seafood
2024-07-05,7,8,3.0,Rainy,None,Snacks & Candy
2024-07-05,8,4,3.0,Rainy,None,Produce
2024-07-06,4,7,4.0,Rainy,None,Snacks & Candy
2024-07-06,5,4,1.0,Rainy,None,Bakery
2024-07-06,8,8,3.0,Rainy,None,Household Items
2024-07-06,8,14,2.0,Rainy,None,Canned Goods
2024-07-07,9,2,4.0,Rainy,None,Frozen Foods
2024-07-08,1,13,2.0,Rainy,None,Dairy
2024-07-09,4,11,1.0,Rainy,None,Health & Wellness
2024-07-09,7,12,1.0,Rainy,None,Household Items
2024-07-09,9,14,1.0,Rainy,None,Health & Wellness
2024-07-10,3,3,2.0,Rainy,None,Canned Goods
2024-07-10,4,10,5.0,Rainy,None,Household Items
2024-07-10,6,14,3.0,Rainy,None,Personal Care
2024-07-11,4,16,3.0,Rainy,None,Beverages
2024-07-11,4,17,2.0,Rainy,None,Frozen Foods
2024-07-12,1,18,3.0,Rainy,None,Personal Care
2024-07-12,3,18,4.0,Rainy,None,Personal Care
2024-07-12,7,18,5.0,Rainy,None,Canned Goods
2024-07-12,8,1,1.0,Rainy,None,Household Items
2024-07-13,3,11,5.0,Rainy,None,Bakery
2024-07-13,6,5,1.0,Rainy,None,Produce
2024-07-13,6,14,5.0,Rainy,None,Beverages
2024-07-13,8,7,5.0,Rainy,None,Dairy
2024-07-14,1,13,4.0,Rainy,None,Health & Wellness
2024-07-14,2,13,1.0,Rainy,None,Household Items
2024-07-14,9,2,4.0,Rainy,None,Canned Goods
2024-07-15,3,10,3.0,Rainy,None,Canned Goods
2024-07-15,4,4,3.0,Rainy,None,Household Items
2024-07-15,4,9,2.0,Rainy,None,Frozen Foods
2024-07-15,9,14,5.0,Rainy,None,Bakery
2024-07-16,2,14,4.0,Rainy,None,Snacks & Candy
2024-07-16,4,5,1.0,Rainy,None,Personal Care
2024-07-16,6,12,2.0,Rainy,None,Household Items
2024-07-17,1,18,3.0,Rainy,None,Frozen Foods
2024-07-17,4,7,4.0,Rainy,None,Dairy
2024-07-17,5,11,3.0,Rainy,None,Beverages
2024-07-18,1,4,1.0,Rainy,None,Household Items
2024-07-18,4,5,2.0,Rainy,None,Frozen Foods
2024-07-18,5,17,1.0,Rainy,None,Health & Wellness
2024-07-18,8,4,5.0,Rainy,None,Canned Goods
2024-07-18,8,14,1.0,Rainy,None,Canned Goods
2024-07-18,9,13,3.0,Rainy,None,Dairy
2024-07-20,1,12,3.0,Rainy,None,Health & Wellness
2024-07-20,4,8,3.0,Rainy,None,Household Items
2024-07-20,5,9,4.0,Rainy,None,Health & Wellness
2024-07-20,6,2,5.0,Rainy,None,Beverages
2024-07-20,9,9,2.0,Rainy,None,Household Items
2024-07-21,1,16,2.0,Rainy,None,Dairy
2024-07-21,2,9,5.0,Rainy,None,Dairy
2024-07-21,5,16,1.0,Rainy,None,Canned Goods
2024-07-21,7,18,2.0,Rainy,None,Personal Care
2024-07-21,9,18,5.0,Rainy,None,Bakery
2024-07-22,6,12,2.0,Rainy,None,Household Items
2024-07-23,4,1,5.0,Rainy,None,Dairy
2024-07-23,6,10,2.0,Rainy,None,Beverages
2024-07-23,7,11,3.0,Rainy,None,Produce
2024-07-24,4,10,9.0,Rainy,None,Meat & Seafood
2024-07-24,5,9,2.0,Rainy,None,Frozen Foods
2024-07-24,7,13,2.0,Rainy,None,Household Items
2024-07-25,3,9,5.0,Rainy,None,Canned Goods
2024-07-25,3,12,2.0,Rainy,None,Meat & Seafood
2024-07-25,4,7,4.0,Rainy,None,Meat & Seafood
2024-07-25,7,12,4.0,Rainy,None,Bakery
2024-07-25,8,11,5.0,Rainy,None,Snacks & Candy
2024-07-25,9,18,4.0,Rainy,None,Bakery
2024-07-26,1,12,1.0,Rainy,None,Household Items
2024-07-26,2,4,3.0,Rainy,None,Household Items
2024-07-26,6,18,4.0,Rainy,None,Beverages
2024-07-26,9,4,4.0,Rainy,None,Canned Goods
2024-07-27,3,16,2.0,Rainy,None,Frozen Foods
2024-07-27,7,11,4.0,Rainy,None,Snacks & Candy
2024-07-27,9,9,3.0,Rainy,None,Meat & Seafood
2024-07-28,4,11,3.0,Rainy,None,Health & Wellness
2024-07-28,8,1,4.0,Rainy,None,Beverages
2024-07-29,1,8,2.0,Rainy,None,Health & Wellness
2024-07-29,2,5,5.0,Rainy,None,Frozen Foods
2024-07-29,7,9,1.0,Rainy,None,Frozen Foods
2024-07-30,3,3,1.0,Rainy,None,Bakery
2024-07-30,4,9,3.0,Rainy,None,Frozen Foods
2024-07-30,8,9,2.0,Rainy,None,Canned Goods
2024-07-30,8,16,4.0,Rainy,None,Personal Care
2024-07-30,9,10,3.0,Rainy,None,Household Items
2024-07-30,9,14,3.0,Rainy,None,Canned Goods
2024-07-31,1,5,4.0,Rainy,None,Snacks & Candy
2024-08-01,1,12,2.0,Rainy,None,Snacks & Candy
2024-08-01,2,3,3.0,Rainy,None,Health & Wellness
2024-08-01,4,11,4.0,Rainy,None,Personal Care
2024-08-01,9,17,2.0,Rainy,None,Dairy
2024-08-02,1,5,5.0,Rainy,None,Canned Goods
2024-08-02,4,4,5.0,Rainy,None,Health & Wellness
2024-08-02,5,9,5.0,Rainy,None,Meat & Seafood
2024-08-02,8,2,3.0,Rainy,None,Bakery
2024-08-02,8,12,1.0,Rainy,None,Health & Wellness
2024-08-02,8,17,4.0,Rainy,None,Canned Goods
2024-08-03,3,4,4.0,Rainy,None,Health & Wellness
2024-08-03,6,9,3.0,Rainy,None,Meat & Seafood
2024-08-04,6,18,2.0,Rainy,None,Personal Care
2024-08-04,9,8,3.0,Rainy,None,Produce
2024-08-04,9,13,5.0,Rainy,None,Household Items
2024-08-05,5,14,4.0,Rainy,None,Frozen Foods
2024-08-05,7,1,5.0,Rainy,None,Snacks & Candy
2024-08-06,1,17,5.0,Rainy,None,Snacks & Candy
2024-08-06,5,16,1.0,Rainy,None,Personal Care
2024-08-07,2,15,2.0,Rainy,None,Snacks & Candy
2024-08-07,3,8,4.0,Rainy,None,Meat & Seafood
2024-08-07,4,8,4.0,Rainy,None,Beverages
2024-08-08,1,5,1.0,Rainy,None,Beverages
2024-08-08,5,4,4.0,Rainy,None,Frozen Foods
2024-08-08,8,3,3.0,Rainy,None,Produce
2024-08-08,9,3,1.0,Rainy,None,Frozen Foods
2024-08-09,1,4,4.0,Rainy,None,Health & Wellness
2024-08-10,1,18,4.0,Rainy,None,Dairy
2024-08-10,4,11,2.0,Rainy,None,Household Items
2024-08-11,2,6,1.0,Rainy,None,Produce
2024-08-11,2,11,1.0,Rainy,None,Dairy
2024-08-11,6,17,5.0,Rainy,None,Health & Wellness
2024-08-11,9,15,2.0,Rainy,None,Beverages
2024-08-12,3,13,3.0,Rainy,None,Produce
2024-08-12,7,17,2.0,Rainy,None,Canned Goods
2024-08-13,7,15,1.0,Rainy,None,Bakery
2024-08-13,9,18,1.0,Rainy,None,Beverages
2024-08-16,9,15,3.0,Rainy,None,Meat & Seafood
2024-08-17,1,12,2.0,Rainy,None,Personal Care
2024-08-17,5,10,4.0,Rainy,None,Canned Goods
2024-08-18,5,6,3.0,Rainy,None,Canned Goods
2024-08-18,8,3,4.0,Rainy,None,Health & Wellness
2024-08-18,8,9,5.0,Rainy,None,Snacks & Candy
2024-08-19,2,15,3.0,Rainy,None,Bakery
2024-08-20,3,8,2.0,Rainy,None,Bakery
2024-08-20,7,8,3.0,Rainy,None,Household Items
2024-08-20,7,10,2.0,Rainy,None,Dairy
2024-08-20,8,13,3.0,Rainy,None,Beverages
2024-08-21,5,12,5.0,Rainy,None,Meat & Seafood
2024-08-21,5,18,3.0,Rainy,None,Meat & Seafood
2024-08-21,9,14,1.0,Rainy,None,Health & Wellness
2024-08-22,9,1,2.0,Rainy,None,Health & Wellness
2024-08-24,3,2,5.0,Rainy,None,Health & Wellness
2024-08-24,3,8,1.0,Rainy,None,Health & Wellness
2024-08-24,4,13,1.0,Rainy,None,Bakery
2024-08-25,3,2,4.0,Rainy,None,Health & Wellness
2024-08-25,5,6,1.0,Rainy,None,Meat & Seafood
2024-08-25,8,17,5.0,Rainy,None,Beverages
2024-08-26,2,13,4.0,Rainy,None,Household Items
2024-08-26,5,7,4.0,Rainy,None,Household Items
2024-08-26,6,10,5.0,Rainy,None,Frozen Foods
2024-08-27,1,6,4.0,Rainy,None,Frozen Foods
2024-08-27,2,11,1.0,Rainy,None,Beverages
2024-08-27,7,16,1.0,Rainy,None,Canned Goods
2024-08-27,9,15,2.0,Rainy,None,Beverages
2024-08-28,1,4,4.0,Rainy,None,Household Items
2024-08-28,1,13,1.0,Rainy,None,Snacks & Candy
2024-08-28,1,15,4.0,Rainy,None,Bakery
2024-08-28,2,4,3.0,Rainy,None,Canned Goods
2024-08-29,3,14,1.0,Rainy,None,Household Items
2024-08-29,4,3,3.0,Rainy,None,Frozen Foods
2024-08-29,6,4,3.0,Rainy,None,Dairy
2024-08-29,6,11,3.0,Rainy,None,Dairy
2024-08-30,5,14,2.0,Rainy,None,Personal Care
2024-08-31,2,11,5.0,Rainy,None,Meat & Seafood
2024-08-31,8,8,4.0,Rainy,None,Beverages
2024-09-01,3,9,2.0,Rainy,None,Frozen Foods
2024-09-01,3,10,5.0,Rainy,None,Snacks & Candy
2024-09-02,2,10,1.0,Rainy,None,Dairy
2024-09-02,3,16,4.0,Rainy,None,Health & Wellness
2024-09-02,3,18,1.0,Rainy,None,Produce
2024-09-02,5,13,3.0,Rainy,None,Canned Goods
2024-09-02,8,17,4.0,Rainy,None,Canned Goods
2024-09-03,1,6,2.0,Rainy,None,Household Items
2024-09-03,6,5,1.0,Rainy,None,Meat & Seafood
2024-09-04,1,2,1.0,Rainy,None,Dairy
2024-09-04,6,12,1.0,Rainy,None,Personal Care
2024-09-04,7,8,5.0,Rainy,None,Meat & Seafood
2024-09-04,8,3,1.0,Rainy,None,Meat & Seafood
2024-09-04,9,6,1.0,Rainy,None,Dairy
2024-09-05,1,13,1.0,Rainy,None,Health & Wellness
2024-09-05,5,18,1.0,Rainy,None,Household Items
2024-09-06,3,11,1.0,Rainy,None,Personal Care
2024-09-06,3,13,5.0,Rainy,None,Canned Goods
2024-09-07,1,3,5.0,Rainy,None,Produce
2024-09-07,3,13,4.0,Rainy,None,Frozen Foods
2024-09-08,3,13,2.0,Rainy,None,Meat & Seafood
2024-09-08,4,12,3.0,Rainy,None,Personal Care
2024-09-08,6,2,5.0,Rainy,None,Snacks & Candy
2024-09-09,5,17,3.0,Rainy,None,Meat & Seafood
2024-09-10,3,1,4.0,Rainy,None,Frozen Foods
2024-09-10,3,18,4.0,Rainy,None,Produce
2024-09-10,8,7,2.0,Rainy,None,Health & Wellness
2024-09-11,5,3,2.0,Rainy,None,Personal Care
2024-09-11,7,11,3.0,Rainy,None,Household Items
2024-09-12,2,2,1.0,Rainy,None,Frozen Foods
2024-09-12,3,4,1.0,Rainy,None,Dairy
2024-09-12,5,14,4.0,Rainy,None,Bakery
2024-09-13,2,8,5.0,Rainy,None,Household Items
2024-09-13,4,11,5.0,Rainy,None,Meat & Seafood
2024-09-14,6,3,3.0,Rainy,None,Produce
2024-09-16,4,12,1.0,Rainy,None,Dairy
2024-09-16,6,13,3.0,Rainy,None,Health & Wellness
2024-09-16,6,17,1.0,Rainy,None,Health & Wellness
2024-09-16,7,13,1.0,Rainy,None,Frozen Foods
2024-09-17,4,3,5.0,Rainy,None,Beverages
2024-09-17,8,15,3.0,Rainy,None,Canned Goods
2024-09-18,1,3,2.0,Rainy,None,Meat & Seafood
2024-09-18,2,2,3.0,Rainy,None,Produce
2024-09-18,3,3,4.0,Rainy,None,Produce
2024-09-18,4,1,1.0,Rainy,None,Bakery
2024-09-19,4,18,4.0,Rainy,None,Bakery
2024-09-19,9,9,2.0,Rainy,None,Health & Wellness
2024-09-20,3,18,1.0,Rainy,None,Personal Care
2024-09-20,5,8,1.0,Rainy,None,Snacks & Candy
2024-09-20,7,8,4.0,Rainy,None,Household Items
2024-09-21,2,13,3.0,Rainy,None,Bakery
2024-09-21,2,15,2.0,Rainy,None,Snacks & Candy
2024-09-21,9,4,1.0,Rainy,None,Personal Care
2024-09-22,5,17,2.0,Rainy,None,Snacks & Candy
2024-09-22,6,9,5.0,Rainy,None,Meat & Seafood
2024-09-22,9,8,3.0,Rainy,None,Beverages
2024-09-23,6,1,4.0,Rainy,None,Bakery
2024-09-23,7,18,5.0,Rainy,None,Personal Care
2024-09-23,9,17,5.0,Rainy,None,Dairy
2024-09-24,1,17,3.0,Rainy,None,Produce
2024-09-24,6,11,3.0,Rainy,None,Produce
2024-09-25,2,15,4.0,Rainy,None,Household Items
2024-09-25,7,15,1.0,Rainy,None,Household Items
2024-09-26,1,14,5.0,Rainy,None,Snacks & Candy
2024-09-26,2,12,1.0,Rainy,None,Health & Wellness
2024-09-26,4,4,1.0,Rainy,None,Health & Wellness
2024-09-26,5,15,1.0,Rainy,None,Snacks & Candy
2024-09-26,9,16,1.0,Rainy,None,Produce
2024-09-27,6,5,1.0,Rainy,None,Frozen Foods
2024-09-27,6,8,2.0,Rainy,None,Bakery
2024-09-27,9,9,5.0,Rainy,None,Bakery
2024-09-28,1,17,5.0,Rainy,None,Beverages
2024-09-28,8,17,2.0,Rainy,None,Meat & Seafood
2024-09-29,4,18,5.0,Rainy,None,Health & Wellness
2024-09-30,4,8,1.0,Rainy,None,Health & Wellness
2024-09-30,7,2,3.0,Rainy,None,Dairy
2024-10-01,4,13,3.0,Rainy,None,Meat & Seafood
2024-10-01,6,13,1.0,Rainy,None,Produce
2024-10-02,6,9,1.0,Rainy,None,Produce
2024-10-02,7,9,3.0,Rainy,None,Produce
2024-10-02,8,7,4.0,Rainy,None,Household Items
2024-10-02,9,1,1.0,Rainy,None,Beverages
2024-10-03,2,6,3.0,Rainy,None,Household Items
2024-10-03,3,9,4.0,Rainy,None,Health & Wellness
2024-10-04,9,1,3.0,Rainy,None,Health & Wellness
2024-10-06,4,5,2.0,Rainy,None,Health & Wellness
2024-10-06,4,6,3.0,Rainy,None,Beverages
2024-10-06,6,9,2.0,Rainy,None,Bakery
2024-10-07,5,2,3.0,Rainy,None,Frozen Foods
2024-10-07,7,15,3.0,Rainy,None,Snacks & Candy
2024-10-08,3,2,1.0,Rainy,None,Frozen Foods
2024-10-08,5,5,3.0,Rainy,None,Household Items
2024-10-08,8,5,3.0,Rainy,None,Canned Goods
2024-10-09,1,8,4.0,Rainy,None,Frozen Foods
2024-10-09,4,3,5.0,Rainy,None,Personal Care
2024-10-09,6,8,4.0,Rainy,None,Bakery
2024-10-09,7,4,3.0,Rainy,None,Household Items
2024-10-09,9,13,5.0,Rainy,None,Personal Care
2024-10-09,9,17,4.0,Rainy,None,Produce
2024-10-10,2,15,1.0,Rainy,None,Canned Goods
2024-10-10,5,14,4.0,Rainy,None,Snacks & Candy
2024-10-10,6,11,3.0,Rainy,None,Meat & Seafood
2024-10-10,9,12,2.0,Rainy,None,Personal Care
2024-10-11,2,6,3.0,Rainy,None,Bakery
2024-10-11,5,2,1.0,Rainy,None,Canned Goods
2024-10-11,6,4,3.0,Rainy,None,Frozen Foods
2024-10-11,8,16,1.0,Rainy,None,Snacks & Candy
2024-10-12,2,18,5.0,Rainy,None,Bakery
2024-10-12,5,6,2.0,Rainy,None,Beverages
2024-10-12,9,4,3.0,Rainy,None,Personal Care
2024-10-13,1,17,5.0,Rainy,None,Canned Goods
2024-10-13,3,15,4.0,Rainy,None,Meat & Seafood
2024-10-14,2,4,3.0,Rainy,None,Health & Wellness
2024-10-14,7,12,2.0,Rainy,None,Household Items
2024-10-15,1,5,1.0,Rainy,None,Personal Care
2024-10-15,6,3,2.0,Rainy,None,Health & Wellness
2024-10-15,7,3,5.0,Rainy,None,Snacks & Candy
2024-10-16,4,8,1.0,Rainy,None,Meat & Seafood
2024-10-16,4,16,2.0,Rainy,None,Beverages
2024-10-16,5,7,4.0,Rainy,None,Dairy
2024-10-17,5,15,5.0,Rainy,None,Frozen Foods
2024-10-17,8,14,3.0,Rainy,None,Health & Wellness
2024-10-17,9,16,5.0,Rainy,None,Canned Goods
2024-10-18,4,13,5.0,Rainy,None,Bakery
2024-10-18,5,14,2.0,Rainy,None,Frozen Foods
2024-10-18,9,1,3.0,Rainy,None,Beverages
2024-10-19,1,1,1.0,Rainy,None,Canned Goods
2024-10-19,3,17,5.0,Rainy,None,Canned Goods
2024-10-19,4,14,1.0,Rainy,None,Personal Care
2024-10-19,5,11,4.0,Rainy,None,Household Items
2024-10-19,5,14,5.0,Rainy,None,Health & Wellness
2024-10-19,7,17,5.0,Rainy,None,Canned Goods
2024-10-20,3,1,3.0,Rainy,None,Household Items
2024-10-20,6,13,3.0,Rainy,None,Dairy
2024-10-21,3,14,4.0,Rainy,None,Beverages
2024-10-21,5,14,5.0,Rainy,None,Dairy
2024-10-22,1,7,5.0,Rainy,None,Dairy
2024-10-22,5,6,5.0,Rainy,None,Meat & Seafood
2024-10-22,7,8,5.0,Rainy,None,Dairy
2024-10-22,9,17,1.0,Rainy,None,Snacks & Candy
2024-10-23,8,5,5.0,Rainy,None,Meat & Seafood
2024-10-24,6,14,2.0,Rainy,None,Snacks & Candy
2024-10-24,9,7,5.0,Rainy,None,Household Items
2024-10-25,1,3,2.0,Rainy,None,Bakery
2024-10-25,4,2,5.0,Rainy,None,Personal Care
2024-10-25,4,5,5.0,Rainy,None,Meat & Seafood
2024-10-25,7,2,5.0,Rainy,None,Bakery
2024-10-25,7,7,4.0,Rainy,None,Household Items
2024-10-26,1,6,3.0,Rainy,None,Canned Goods
2024-10-26,8,4,3.0,Rainy,None,Bakery
2024-10-26,8,18,3.0,Rainy,None,Household Items
2024-10-27,1,15,2.0,Rainy,None,Household Items
2024-10-27,3,13,3.0,Rainy,None,Bakery
2024-10-27,6,8,2.0,Rainy,None,Meat & Seafood
2024-10-27,8,18,4.0,Rainy,None,Meat & Seafood
2024-10-28,1,5,3.0,Rainy,None,Bakery
2024-10-28,1,18,5.0,Rainy,None,Household Items
2024-10-28,3,18,4.0,Rainy,None,Health & Wellness
2024-10-28,5,9,3.0,Rainy,None,Bakery
2024-10-28,9,2,4.0,Rainy,None,Meat & Seafood
2024-10-28,9,7,3.0,Rainy,None,Frozen Foods
2024-10-29,7,16,2.0,Rainy,None,Dairy
2024-10-29,8,17,2.0,Rainy,None,Snacks & Candy
2024-10-29,9,9,1.0,Rainy,None,Personal Care
2024-10-31,3,9,2.0,Rainy,None,Frozen Foods
2024-11-01,1,11,4.0,Rainy,None,Dairy
2024-11-01,2,7,1.0,Rainy,None,Beverages
2024-11-01,5,18,2.0,Rainy,None,Bakery
2024-11-01,6,8,5.0,Rainy,None,Personal Care
2024-11-01,6,10,3.0,Rainy,None,Household Items
2024-11-02,1,3,2.0,Rainy,None,Health & Wellness
2024-11-02,8,15,2.0,Rainy,None,Meat & Seafood
2024-11-02,9,3,1.0,Rainy,None,Bakery
2024-11-03,1,15,4.0,Rainy,None,Produce
2024-11-04,2,17,5.0,Rainy,None,Produce
2024-11-04,4,4,3.0,Rainy,None,Meat & Seafood
2024-11-04,6,13,4.0,Rainy,None,Personal Care
2024-11-04,6,18,5.0,Rainy,None,Personal Care
2024-11-05,9,2,4.0,Rainy,None,Personal Care
2024-11-06,2,8,5.0,Rainy,None,Personal Care
2024-11-06,2,12,5.0,Rainy,None,Personal Care
2024-11-06,4,11,5.0,Rainy,None,Personal Care
2024-11-06,9,5,3.0,Rainy,None,Health & Wellness
2024-11-07,3,18,2.0,Rainy,None,Canned Goods
2024-11-08,2,5,3.0,Rainy,None,Meat & Seafood
2024-11-08,7,10,3.0,Rainy,None,Health & Wellness
2024-11-08,8,5,3.0,Rainy,None,Dairy
2024-11-08,8,12,2.0,Rainy,None,Frozen Foods
2024-11-10,1,5,3.0,Rainy,None,Meat & Seafood
2024-11-10,3,5,1.0,Rainy,None,Bakery
2024-11-10,5,17,5.0,Rainy,None,Dairy
2024-11-10,6,1,5.0,Rainy,None,Health & Wellness
2024-11-11,3,17,3.0,Rainy,None,Canned Goods
2024-11-11,8,9,4.0,Rainy,None,Personal Care
2024-11-12,1,6,3.0,Rainy,None,Frozen Foods
2024-11-12,2,10,2.0,Rainy,None,Health & Wellness
2024-11-12,2,16,1.0,Rainy,None,Snacks & Candy
2024-11-12,3,6,4.0,Rainy,None,Frozen Foods
2024-11-12,4,8,3.0,Rainy,None,Beverages
2024-11-12,7,7,4.0,Rainy,None,Personal Care
2024-11-12,7,18,5.0,Rainy,None,Personal Care
2024-11-12,8,6,4.0,Rainy,None,Meat & Seafood
2024-11-12,9,16,3.0,Rainy,None,Dairy
2024-11-13,2,6,5.0,Rainy,None,Bakery
2024-11-13,6,1,1.0,Rainy,None,Beverages
2024-11-13,9,16,2.0,Rainy,None,Frozen Foods
2024-11-14,4,3,2.0,Rainy,None,Beverages
2024-11-16,1,7,5.0,Rainy,None,Household Items
2024-11-16,1,10,5.0,Rainy,None,Beverages
2024-11-16,8,3,1.0,Rainy,None,Bakery
2024-11-17,1,14,1.0,Rainy,None,Personal Care
2024-11-17,4,13,5.0,Rainy,None,Meat & Seafood
2024-11-17,9,4,1.0,Rainy,None,Dairy
2024-11-18,6,6,5.0,Rainy,None,Beverages
2024-11-18,8,11,1.0,Rainy,None,Meat & Seafood
2024-11-19,4,14,2.0,Rainy,None,Household Items
2024-11-20,4,3,3.0,Rainy,None,Personal Care
2024-11-20,7,4,2.0,Rainy,None,Bakery
2024-11-22,3,7,5.0,Rainy,None,Snacks & Candy
2024-11-22,7,11,2.0,Rainy,None,Dairy
2024-11-22,7,12,2.0,Rainy,None,Bakery
2024-11-22,8,1,6.0,Rainy,None,Bakery
2024-11-23,7,2,5.0,Rainy,None,Health & Wellness
2024-11-23,7,12,3.0,Rainy,None,Personal Care
2024-11-24,5,6,2.0,Rainy,None,Meat & Seafood
2024-11-24,7,4,1.0,Rainy,None,Health & Wellness
2024-11-24,7,12,1.0,Rainy,None,Personal Care
2024-11-24,8,7,4.0,Rainy,None,Beverages
2024-11-26,1,12,2.0,Rainy,None,Beverages
2024-11-26,3,2,1.0,Rainy,None,Household Items
2024-11-26,4,4,4.0,Rainy,None,Snacks & Candy
2024-11-26,9,4,3.0,Rainy,None,Health & Wellness
2024-11-27,1,2,4.0,Rainy,None,Dairy
2024-11-27,1,15,5.0,Rainy,None,Beverages
2024-11-27,2,12,1.0,Rainy,None,Produce
2024-11-27,2,13,4.0,Rainy,None,Produce
2024-11-27,3,4,3.0,Rainy,None,Produce
2024-11-27,4,10,5.0,Rainy,None,Bakery
2024-11-28,1,5,4.0,Rainy,None,Meat & Seafood
2024-11-28,2,18,1.0,Rainy,None,Frozen Foods
2024-11-29,4,15,2.0,Rainy,None,Frozen Foods
2024-11-30,1,17,1.0,Rainy,None,Bakery
2024-11-30,3,4,3.0,Rainy,None,Beverages
2024-11-30,4,5,4.0,Rainy,None,Dairy
2024-11-30,8,4,5.0,Rainy,None,Frozen Foods
2024-11-30,9,14,1.0,Rainy,None,Produce
2024-12-01,1,5,3.0,Rainy,None,Bakery
2024-12-01,1,10,3.0,Rainy,None,Snacks & Candy
2024-12-01,4,9,1.0,Rainy,None,Snacks & Candy
2024-12-01,6,3,1.0,Rainy,None,Beverages
2024-12-02,4,11,5.0,Rainy,None,Snacks & Candy
2024-12-02,7,12,2.0,Rainy,None,Health & Wellness
2024-12-03,1,3,4.0,Rainy,None,Household Items
2024-12-04,3,11,1.0,Rainy,None,Canned Goods
2024-12-04,6,12,3.0,Rainy,None,Meat & Seafood
2024-12-04,7,13,2.0,Rainy,None,Beverages
2024-12-05,1,2,5.0,Rainy,None,Meat & Seafood
2024-12-05,1,18,4.0,Rainy,None,Produce
2024-12-05,7,11,1.0,Rainy,None,Canned Goods
2024-12-06,2,1,2.0,Rainy,None,Personal Care
2024-12-06,3,7,5.0,Rainy,None,Beverages
2024-12-06,4,2,4.0,Rainy,None,Personal Care
2024-12-07,2,8,2.0,Rainy,None,Bakery
2024-12-07,5,8,4.0,Rainy,None,Canned Goods
2024-12-08,5,5,1.0,Rainy,None,Personal Care
2024-12-09,5,17,2.0,Rainy,None,Personal Care
2024-12-10,4,13,3.0,Rainy,None,Bakery
2024-12-12,2,5,2.0,Rainy,None,Meat & Seafood
2024-12-12,4,14,1.0,Rainy,None,Personal Care
2024-12-12,8,6,5.0,Rainy,None,Household Items
2024-12-12,8,8,2.0,Rainy,None,Health & Wellness
2024-12-12,9,14,3.0,Rainy,None,Frozen Foods
2024-12-13,1,6,4.0,Rainy,None,Produce
2024-12-13,7,17,1.0,Rainy,None,Household Items
2024-12-14,5,1,2.0,Rainy,None,Beverages
2024-12-14,5,11,5.0,Rainy,None,Household Items
2024-12-15,1,12,4.0,Rainy,None,Beverages
2024-12-15,6,13,5.0,Rainy,None,Beverages
2024-12-15,7,2,4.0,Rainy,None,Meat & Seafood
2024-12-16,4,11,4.0,Rainy,None,Household Items
2024-12-17,2,16,3.0,Rainy,None,Health & Wellness
2024-12-17,3,8,4.0,Rainy,None,Canned Goods
2024-12-17,4,13,3.0,Rainy,None,Beverages
2024-12-17,6,10,1.0,Rainy,None,Meat & Seafood
2024-12-17,8,10,2.0,Rainy,None,Canned Goods
2024-12-17,8,15,4.0,Rainy,None,Snacks & Candy
2024-12-18,1,6,1.0,Rainy,None,Produce
2024-12-18,8,13,1.0,Rainy,None,Produce
2024-12-18,9,7,5.0,Rainy,None,Frozen Foods
2024-12-19,2,4,1.0,Rainy,None,Meat & Seafood
2024-12-19,8,7,4.0,Rainy,None,Frozen Foods
2024-12-20,3,1,4.0,Rainy,None,Frozen Foods
2024-12-20,9,2,2.0,Rainy,None,Health & Wellness
2024-12-22,2,18,2.0,Rainy,None,Dairy
2024-12-22,5,13,5.0,Rainy,None,Dairy
2024-12-22,7,11,3.0,Rainy,None,Health & Wellness
2024-12-22,7,17,2.0,Rainy,None,Canned Goods
2024-12-22,8,4,3.0,Rainy,None,Personal Care
2024-12-23,3,12,4.0,Rainy,None,Produce
2024-12-23,5,5,5.0,Rainy,None,Snacks & Candy
2024-12-23,6,10,2.0,Rainy,None,Produce
2024-12-24,3,18,5.0,Rainy,None,Frozen Foods
2024-12-24,5,4,5.0,Rainy,None,Dairy
2024-12-25,1,8,1.0,Rainy,None,Meat & Seafood
2024-12-25,7,13,4.0,Rainy,None,Health & Wellness
2024-12-26,3,14,4.0,Rainy,None,Meat & Seafood
2024-12-26,6,8,3.0,Rainy,None,Household Items
2024-12-27,3,17,5.0,Rainy,None,Meat & Seafood
2024-12-28,2,6,2.0,Rainy,None,Beverages
2024-12-28,2,17,4.0,Rainy,None,Meat & Seafood
2024-12-29,2,3,3.0,Rainy,None,Frozen Foods
2024-12-29,3,3,3.0,Rainy,None,Beverages
2024-12-29,8,4,4.0,Rainy,None,Household Items
2024-12-30,1,4,5.0,Rainy,None,Meat & Seafood
2024-12-30,5,9,2.0,Rainy,None,Produce
2024-12-31,1,2,4.0,Rainy,None,Household Items
2024-12-31,6,8,3.0,Rainy,None,Frozen Foods
2024-12-31,8,13,3.0,Rainy,None,Household Items
2025-01-01,3,15,4.0,Dry,None,Beverages
2025-01-02,2,11,1.0,Dry,None,Produce
2025-01-02,2,18,2.0,Dry,None,Health & Wellness
2025-01-03,6,10,1.0,Dry,None,Produce
2025-01-04,8,9,5.0,Dry,None,Frozen Foods
2025-01-05,9,13,1.0,Dry,None,Household Items
2025-01-05,9,18,4.0,Dry,None,Produce
2025-01-06,3,4,2.0,Dry,None,Bakery
2025-01-06,6,12,1.0,Dry,None,Health & Wellness
2025-01-06,7,2,4.0,Dry,None,Canned Goods
2025-01-07,1,4,1.0,Dry,None,Personal Care
2025-01-07,2,8,4.0,Dry,None,Personal Care
2025-01-07,6,9,2.0,Dry,None,Canned Goods
2025-01-08,1,17,4.0,Dry,None,Canned Goods
2025-01-08,2,3,3.0,Dry,None,Produce
2025-01-08,2,13,1.0,Dry,None,Bakery
2025-01-08,3,5,1.0,Dry,None,Snacks & Candy
2025-01-08,5,18,4.0,Dry,None,Canned Goods
2025-01-08,8,2,2.0,Dry,None,Snacks & Candy
2025-01-09,4,6,5.0,Dry,None,Personal Care
2025-01-10,1,8,2.0,Dry,None,Frozen Foods
2025-01-10,4,8,4.0,Dry,None,Beverages
2025-01-10,4,17,5.0,Dry,None,Health & Wellness
2025-01-10,5,3,3.0,Dry,None,Frozen Foods
2025-01-10,6,1,5.0,Dry,None,Household Items
2025-01-10,6,7,4.0,Dry,None,Dairy
2025-01-11,3,9,3.0,Dry,None,Bakery
2025-01-11,3,18,5.0,Dry,None,Personal Care
2025-01-11,6,1,3.0,Dry,None,Canned Goods
2025-01-11,9,5,2.0,Dry,None,Dairy
2025-01-12,1,3,3.0,Dry,None,Canned Goods
2025-01-13,3,4,3.0,Dry,None,Snacks & Candy
2025-01-13,3,16,1.0,Dry,None,Frozen Foods
2025-01-13,4,13,5.0,Dry,None,Personal Care
2025-01-13,5,7,1.0,Dry,None,Frozen Foods
2025-01-14,3,1,2.0,Dry,None,Personal Care
2025-01-14,7,10,5.0,Dry,None,Snacks & Candy
2025-01-14,9,4,2.0,Dry,None,Dairy
2025-01-15,1,9,4.0,Dry,None,Dairy
2025-01-15,4,1,4.0,Dry,None,Canned Goods
2025-01-15,8,3,5.0,Dry,None,Dairy
2025-01-16,4,11,4.0,Dry,None,Beverages
2025-01-16,4,15,5.0,Dry,None,Bakery
2025-01-16,5,4,4.0,Dry,None,Beverages
2025-01-16,9,10,2.0,Dry,None,Bakery
2025-01-17,3,13,5.0,Dry,None,Beverages
2025-01-17,5,14,4.0,Dry,None,Dairy
2025-01-18,4,10,5.0,Dry,None,Meat & Seafood
2025-01-18,6,2,3.0,Dry,None,Health & Wellness
2025-01-19,7,5,3.0,Dry,None,Canned Goods
2025-01-19,9,7,4.0,Dry,None,Meat & Seafood
2025-01-20,9,14,5.0,Dry,None,Snacks & Candy
2025-01-21,2,9,1.0,Dry,None,Canned Goods
2025-01-21,3,3,3.0,Dry,None,Beverages
2025-01-23,4,4,2.0,Dry,None,Health & Wellness
2025-01-24,2,13,1.0,Dry,None,Beverages
2025-01-24,2,14,3.0,Dry,None,Snacks & Candy
2025-01-24,4,11,4.0,Dry,None,Beverages
2025-01-24,6,3,5.0,Dry,None,Frozen Foods
2025-01-25,6,11,3.0,Dry,None,Meat & Seafood
2025-01-26,2,1,5.0,Dry,None,Dairy
2025-01-26,2,17,3.0,Dry,None,Household Items
2025-01-26,3,13,4.0,Dry,None,Canned Goods
2025-01-27,2,15,1.0,Dry,None,Frozen Foods
2025-01-27,3,18,4.0,Dry,None,Produce
2025-01-27,5,2,1.0,Dry,None,Beverages
2025-01-27,8,3,4.0,Dry,None,Beverages
2025-01-28,1,2,4.0,Dry,None,Health & Wellness
2025-01-28,2,14,2.0,Dry,None,Canned Goods
2025-01-28,2,16,2.0,Dry,None,Beverages
2025-01-28,5,13,4.0,Dry,None,Snacks & Candy
2025-01-29,2,18,3.0,Dry,None,Bakery
2025-01-29,4,5,4.0,Dry,None,Meat & Seafood
2025-01-29,5,16,1.0,Dry,None,Personal Care
2025-01-29,9,4,4.0,Dry,None,Household Items
2025-01-30,8,10,4.0,Dry,None,Dairy
2025-01-31,1,11,1.0,Dry,None,Health & Wellness
2025-01-31,6,5,5.0,Dry,None,Beverages
2025-02-01,1,5,1.0,Dry,None,Health & Wellness
2025-02-01,7,2,1.0,Dry,None,Meat & Seafood
2025-02-01,8,3,2.0,Dry,None,Personal Care
2025-02-01,8,15,5.0,Dry,None,Frozen Foods
2025-02-02,1,3,2.0,Dry,None,Dairy
2025-02-02,2,7,4.0,Dry,None,Frozen Foods
2025-02-03,3,3,4.0,Dry,None,Snacks & Candy
2025-02-03,3,5,3.0,Dry,None,Canned Goods
2025-02-03,3,7,1.0,Dry,None,Produce
2025-02-03,6,7,3.0,Dry,None,Personal Care
2025-02-03,6,14,3.0,Dry,None,Household Items
2025-02-03,8,14,4.0,Dry,None,Frozen Foods
2025-02-04,4,11,5.0,Dry,None,Snacks & Candy
2025-02-04,6,3,5.0,Dry,None,Household Items
2025-02-04,7,1,4.0,Dry,None,Snacks & Candy
2025-02-04,8,18,3.0,Dry,None,Health & Wellness
2025-02-05,1,7,4.0,Dry,None,Household Items
2025-02-05,8,18,2.0,Dry,None,Frozen Foods
2025-02-06,1,17,1.0,Dry,None,Canned Goods
2025-02-06,2,1,3.0,Dry,None,Personal Care
2025-02-06,3,3,2.0,Dry,None,Health & Wellness
2025-02-06,5,10,4.0,Dry,None,Dairy
2025-02-06,5,18,1.0,Dry,None,Beverages
2025-02-06,8,1,1.0,Dry,None,Meat & Seafood
2025-02-07,3,13,1.0,Dry,None,Meat & Seafood
2025-02-07,3,17,1.0,Dry,None,Personal Care
2025-02-07,9,18,2.0,Dry,None,Produce
2025-02-08,1,16,2.0,Dry,None,Canned Goods
2025-02-08,4,3,2.0,Dry,None,Produce
2025-02-08,8,12,2.0,Dry,None,Personal Care
2025-02-09,2,10,1.0,Dry,None,Produce
2025-02-09,2,15,5.0,Dry,None,Beverages
2025-02-09,3,14,5.0,Dry,None,Bakery
2025-02-09,5,3,4.0,Dry,None,Snacks & Candy
2025-02-09,7,11,1.0,Dry,None,Beverages
2025-02-09,9,17,2.0,Dry,None,Dairy
2025-02-10,1,4,2.0,Dry,None,Personal Care
2025-02-10,6,10,4.0,Dry,None,Household Items
2025-02-10,7,8,3.0,Dry,None,Dairy
2025-02-10,9,2,4.0,Dry,None,Household Items
2025-02-11,6,7,5.0,Dry,None,Snacks & Candy
2025-02-11,8,4,3.0,Dry,None,Health & Wellness
2025-02-12,8,14,2.0,Dry,None,Beverages
2025-02-13,5,11,2.0,Dry,None,Dairy
2025-02-13,7,8,3.0,Dry,None,Canned Goods
2025-02-14,6,16,2.0,Dry,None,Meat & Seafood
2025-02-14,8,9,4.0,Dry,None,Health & Wellness
2025-02-14,9,15,3.0,Dry,None,Dairy
2025-02-15,5,1,5.0,Dry,None,Beverages
2025-02-15,6,3,5.0,Dry,None,Produce
2025-02-16,1,14,2.0,Dry,None,Produce
2025-02-16,2,16,1.0,Dry,None,Snacks & Candy
2025-02-16,5,15,5.0,Dry,None,Bakery
2025-02-17,3,2,4.0,Dry,None,Beverages
2025-02-17,5,1,3.0,Dry,None,Snacks & Candy
2025-02-17,5,5,2.0,Dry,None,Frozen Foods
2025-02-17,5,15,4.0,Dry,None,Health & Wellness
2025-02-17,6,12,1.0,Dry,None,Canned Goods
2025-02-18,2,5,1.0,Dry,None,Bakery
2025-02-18,4,14,3.0,Dry,None,Beverages
2025-02-19,5,14,3.0,Dry,None,Canned Goods
2025-02-19,6,8,1.0,Dry,None,Snacks & Candy
2025-02-19,6,18,2.0,Dry,None,Produce
2025-02-19,9,15,3.0,Dry,None,Meat & Seafood
2025-02-20,4,14,2.0,Dry,None,Household Items
2025-02-20,6,15,1.0,Dry,None,Beverages
2025-02-21,3,11,5.0,Dry,None,Produce
2025-02-21,5,9,4.0,Dry,None,Household Items
2025-02-21,9,17,4.0,Dry,None,Bakery
2025-02-22,2,1,4.0,Dry,None,Meat & Seafood
2025-02-22,4,9,3.0,Dry,None,Frozen Foods
2025-02-22,6,2,2.0,Dry,None,Frozen Foods
2025-02-23,5,3,2.0,Dry,None,Bakery
2025-02-23,5,4,2.0,Dry,None,Beverages
2025-02-23,8,16,3.0,Dry,None,Beverages
2025-02-24,1,1,2.0,Dry,None,Personal Care
2025-02-24,3,16,5.0,Dry,None,Household Items
2025-02-25,8,13,1.0,Dry,None,Produce
2025-02-25,9,5,3.0,Dry,None,Dairy
2025-02-26,1,7,4.0,Dry,None,Produce
2025-02-26,1,14,3.0,Dry,None,Beverages
2025-02-26,5,5,3.0,Dry,None,Personal Care
2025-02-27,2,8,4.0,Dry,None,Snacks & Candy
2025-02-27,2,9,1.0,Dry,None,Produce
2025-02-27,7,14,1.0,Dry,None,Produce
2025-02-28,2,11,5.0,Dry,None,Canned Goods
2025-03-01,2,8,5.0,Dry,None,Meat & Seafood
2025-03-01,3,7,3.0,Dry,None,Health & Wellness
2025-03-02,8,11,3.0,Dry,None,Beverages
2025-03-03,5,15,2.0,Dry,None,Personal Care
2025-03-03,7,12,3.0,Dry,None,Dairy
2025-03-04,2,11,2.0,Dry,None,Health & Wellness
2025-03-04,6,18,3.0,Dry,None,Health & Wellness
2025-03-04,8,10,2.0,Dry,None,Frozen Foods
2025-03-05,2,4,5.0,Dry,None,Produce
2025-03-06,2,14,3.0,Dry,None,Dairy
2025-03-06,6,10,1.0,Dry,None,Personal Care
2025-03-06,6,13,2.0,Dry,None,Frozen Foods
2025-03-07,5,12,3.0,Dry,None,Produce
2025-03-07,6,15,4.0,Dry,None,Frozen Foods
2025-03-08,3,5,1.0,Dry,None,Frozen Foods
2025-03-08,3,15,3.0,Dry,None,Health & Wellness
2025-03-08,8,13,5.0,Dry,None,Household Items
2025-03-08,9,2,5.0,Dry,None,Dairy
2025-03-08,9,14,3.0,Dry,None,Beverages
2025-03-09,3,12,1.0,Dry,None,Snacks & Candy
2025-03-09,3,17,1.0,Dry,None,Canned Goods
2025-03-09,7,15,1.0,Dry,None,Household Items
2025-03-09,8,8,3.0,Dry,None,Meat & Seafood
2025-03-10,7,3,2.0,Dry,None,Beverages
2025-03-11,6,16,3.0,Dry,None,Health & Wellness
2025-03-12,6,14,3.0,Dry,None,Snacks & Candy
2025-03-12,7,2,2.0,Dry,None,Dairy
2025-03-13,3,4,1.0,Dry,None,Health & Wellness
2025-03-13,4,11,5.0,Dry,None,Frozen Foods
2025-03-13,4,16,4.0,Dry,None,Household Items
2025-03-13,6,4,2.0,Dry,None,Bakery
2025-03-14,2,9,2.0,Dry,None,Produce
2025-03-14,6,1,5.0,Dry,None,Frozen Foods
2025-03-14,8,12,1.0,Dry,None,Personal Care
2025-03-15,1,6,2.0,Dry,None,Personal Care
2025-03-15,1,12,4.0,Dry,None,Meat & Seafood
2025-03-15,3,7,2.0,Dry,None,Canned Goods
2025-03-15,9,15,1.0,Dry,None,Meat & Seafood
2025-03-16,2,15,5.0,Dry,None,Snacks & Candy
2025-03-16,9,16,4.0,Dry,None,Meat & Seafood
2025-03-17,5,1,5.0,Dry,None,Personal Care
2025-03-18,2,3,1.0,Dry,None,Frozen Foods
2025-03-18,9,3,1.0,Dry,None,Meat & Seafood
2025-03-18,9,7,4.0,Dry,None,Snacks & Candy
2025-03-19,2,16,4.0,Dry,None,Produce
2025-03-19,3,9,4.0,Dry,None,Canned Goods
2025-03-19,5,3,2.0,Dry,None,Dairy
2025-03-19,5,4,2.0,Dry,None,Beverages
2025-03-19,5,7,3.0,Dry,None,Bakery
2025-03-19,9,5,3.0,Dry,None,Canned Goods
2025-03-19,9,14,5.0,Dry,None,Canned Goods
2025-03-20,1,17,5.0,Dry,None,Beverages
2025-03-20,4,17,4.0,Dry,None,Meat & Seafood
2025-03-20,5,7,4.0,Dry,None,Personal Care
2025-03-20,9,12,2.0,Dry,None,Snacks & Candy
2025-03-21,1,18,3.0,Dry,None,Bakery
2025-03-21,5,7,1.0,Dry,None,Snacks & Candy
2025-03-21,5,9,6.0,Dry,None,Bakery
2025-03-21,8,6,5.0,Dry,None,Household Items
2025-03-21,9,6,2.0,Dry,None,Bakery
2025-03-22,1,8,4.0,Dry,None,Health & Wellness
2025-03-22,2,8,2.0,Dry,None,Produce
2025-03-22,2,17,1.0,Dry,None,Household Items
2025-03-22,6,12,2.0,Dry,None,Bakery
2025-03-23,2,8,2.0,Dry,None,Meat & Seafood
2025-03-23,3,5,4.0,Dry,None,Canned Goods
2025-03-23,4,14,5.0,Dry,None,Beverages
2025-03-23,7,14,4.0,Dry,None,Meat & Seafood
2025-03-24,2,12,5.0,Dry,None,Meat & Seafood
2025-03-24,3,9,1.0,Dry,None,Beverages
2025-03-24,4,9,4.0,Dry,None,Snacks & Candy
2025-03-24,4,18,2.0,Dry,None,Snacks & Candy
2025-03-25,2,14,4.0,Dry,None,Canned Goods
2025-03-25,4,15,4.0,Dry,None,Canned Goods
2025-03-25,8,7,5.0,Dry,None,Canned Goods
2025-03-26,5,4,5.0,Dry,None,Beverages
2025-03-26,5,18,1.0,Dry,None,Health & Wellness
2025-03-27,2,12,1.0,Dry,None,Canned Goods
2025-03-27,6,8,3.0,Dry,None,Bakery
2025-03-27,9,16,5.0,Dry,None,Canned Goods
2025-03-28,1,14,2.0,Dry,None,Bakery
2025-03-28,4,7,4.0,Dry,None,Health & Wellness
2025-03-28,8,8,3.0,Dry,None,Health & Wellness
2025-03-29,3,4,2.0,Dry,None,Canned Goods
2025-03-29,3,14,1.0,Dry,None,Beverages
2025-03-29,5,4,1.0,Dry,None,Dairy
2025-03-29,5,7,5.0,Dry,None,Personal Care
2025-03-29,6,17,3.0,Dry,None,Canned Goods
2025-03-29,8,4,2.0,Dry,None,Snacks & Candy
2025-03-29,8,12,5.0,Dry,None,Produce
2025-03-29,9,2,4.0,Dry,None,Health & Wellness
2025-03-30,3,4,3.0,Dry,None,Personal Care
2025-03-30,3,12,5.0,Dry,None,Meat & Seafood
2025-03-30,4,9,3.0,Dry,None,Frozen Foods
2025-03-31,2,13,3.0,Dry,None,Snacks & Candy
2025-03-31,3,13,5.0,Dry,None,Beverages
2025-03-31,5,1,5.0,Dry,None,Personal Care
2025-03-31,5,5,1.0,Dry,None,Personal Care
2025-03-31,6,8,1.0,Dry,None,Produce
2025-04-01,8,1,1.0,Dry,None,Produce
2025-04-02,2,7,4.0,Dry,None,Household Items
2025-04-02,2,15,4.0,Dry,None,Canned Goods
2025-04-02,6,4,1.0,Dry,None,Bakery
2025-04-02,6,5,2.0,Dry,None,Dairy
2025-04-02,7,11,3.0,Dry,None,Beverages
2025-04-03,2,7,5.0,Dry,None,Personal Care
2025-04-03,4,10,3.0,Dry,None,Bakery
2025-04-03,7,12,1.0,Dry,None,Snacks & Candy
2025-04-04,9,5,5.0,Dry,None,Produce
2025-04-05,1,13,1.0,Dry,None,Snacks & Candy
2025-04-05,2,18,1.0,Dry,None,Personal Care
2025-04-05,9,11,3.0,Dry,None,Beverages
2025-04-06,6,9,2.0,Dry,None,Beverages
2025-04-06,6,17,3.0,Dry,None,Bakery
2025-04-07,5,12,5.0,Dry,None,Canned Goods
2025-04-07,9,10,2.0,Dry,None,Bakery
2025-04-08,2,18,3.0,Dry,None,Frozen Foods
2025-04-08,4,7,1.0,Dry,None,Bakery
2025-04-08,5,6,2.0,Dry,None,Health & Wellness
2025-04-09,5,16,3.0,Dry,None,Health & Wellness
2025-04-09,7,13,2.0,Dry,None,Meat & Seafood
2025-04-09,9,13,4.0,Dry,None,Household Items
2025-04-10,3,12,4.0,Dry,None,Frozen Foods
2025-04-10,3,17,3.0,Dry,None,Frozen Foods
2025-04-10,4,7,4.0,Dry,None,Household Items
2025-04-10,5,1,2.0,Dry,None,Health & Wellness
2025-04-11,2,5,4.0,Dry,None,Frozen Foods
2025-04-11,2,8,4.0,Dry,None,Personal Care
2025-04-11,3,3,3.0,Dry,None,Beverages
2025-04-12,3,4,3.0,Dry,None,Beverages
2025-04-12,3,8,5.0,Dry,None,Produce
2025-04-12,3,15,3.0,Dry,None,Household Items
2025-04-12,9,8,2.0,Dry,None,Household Items
2025-04-13,4,18,1.0,Dry,None,Dairy
2025-04-13,6,1,5.0,Dry,None,Bakery
2025-04-14,2,14,5.0,Dry,None,Bakery
2025-04-14,8,9,1.0,Dry,None,Personal Care
2025-04-15,4,2,3.0,Dry,None,Personal Care
2025-04-16,1,3,3.0,Dry,None,Dairy
2025-04-16,3,6,1.0,Dry,None,Personal Care
2025-04-16,4,2,4.0,Dry,None,Personal Care
2025-04-16,5,7,4.0,Dry,None,Snacks & Candy
2025-04-16,6,13,3.0,Dry,None,Household Items
2025-04-16,8,10,3.0,Dry,None,Meat & Seafood
2025-04-17,1,18,2.0,Dry,None,Meat & Seafood
2025-04-17,2,8,3.0,Dry,None,Meat & Seafood
2025-04-17,5,16,1.0,Dry,None,Health & Wellness
2025-04-18,9,11,5.0,Dry,None,Health & Wellness
2025-04-18,9,16,4.0,Dry,None,Meat & Seafood
2025-04-19,2,3,1.0,Dry,None,Snacks & Candy
2025-04-19,8,10,3.0,Dry,None,Household Items
2025-04-19,8,14,1.0,Dry,None,Personal Care
2025-04-20,3,1,5.0,Dry,None,Produce
2025-04-20,3,14,5.0,Dry,None,Frozen Foods
2025-04-20,6,2,3.0,Dry,None,Snacks & Candy
2025-04-20,6,9,1.0,Dry,None,Canned Goods
2025-04-20,8,2,4.0,Dry,None,Dairy
2025-04-21,1,10,4.0,Dry,None,Dairy
2025-04-21,3,3,2.0,Dry,None,Snacks & Candy
2025-04-22,1,9,5.0,Dry,None,Produce
2025-04-22,2,13,4.0,Dry,None,Dairy
2025-04-22,2,17,2.0,Dry,None,Bakery
2025-04-22,4,12,3.0,Dry,None,Snacks & Candy
2025-04-22,5,4,5.0,Dry,None,Produce
2025-04-23,4,17,1.0,Dry,None,Bakery
2025-04-23,6,15,5.0,Dry,None,Household Items
2025-04-23,7,15,4.0,Dry,None,Health & Wellness
2025-04-23,9,12,4.0,Dry,None,Snacks & Candy
2025-04-24,4,3,2.0,Dry,None,Snacks & Candy
2025-04-24,4,11,5.0,Dry,None,Health & Wellness
2025-04-24,5,13,3.0,Dry,None,Household Items
2025-04-24,7,14,1.0,Dry,None,Bakery
2025-04-25,3,13,1.0,Dry,None,Snacks & Candy
2025-04-25,4,9,2.0,Dry,None,Canned Goods
2025-04-25,5,3,1.0,Dry,None,Snacks & Candy
2025-04-26,1,7,4.0,Dry,None,Meat & Seafood
2025-04-26,5,6,2.0,Dry,None,Household Items
2025-04-26,6,2,2.0,Dry,None,Canned Goods
2025-04-27,4,7,3.0,Dry,None,Produce
2025-04-28,2,9,5.0,Dry,None,Dairy
2025-04-28,4,8,3.0,Dry,None,Produce
2025-04-28,8,14,3.0,Dry,None,Personal Care
2025-04-29,1,7,4.0,Dry,None,Produce
2025-04-29,2,5,5.0,Dry,None,Beverages
2025-04-29,3,14,5.0,Dry,None,Canned Goods
2025-04-29,5,6,1.0,Dry,None,Frozen Foods
2025-04-29,8,11,4.0,Dry,None,Meat & Seafood
2025-04-29,8,13,4.0,Dry,None,Produce
2025-04-30,9,18,3.0,Dry,None,Frozen Foods
2025-05-01,1,6,1.0,Dry,None,Household Items
2025-05-01,3,17,1.0,Dry,None,Health & Wellness
2025-05-01,6,3,2.0,Dry,None,Frozen Foods
2025-05-01,7,7,3.0,Dry,None,Dairy
2025-05-02,1,17,5.0,Dry,None,Personal Care
2025-05-02,3,4,5.0,Dry,None,Meat & Seafood
2025-05-02,5,17,1.0,Dry,None,Bakery
2025-05-02,7,6,3.0,Dry,None,Health & Wellness
2025-05-02,7,15,3.0,Dry,None,Personal Care
2025-05-03,3,2,1.0,Dry,None,Snacks & Candy
2025-05-03,4,1,1.0,Dry,None,Household Items
2025-05-04,4,12,1.0,Dry,None,Snacks & Candy
2025-05-05,2,10,4.0,Dry,None,Frozen Foods
2025-05-06,1,2,2.0,Dry,None,Frozen Foods
2025-05-06,7,3,4.0,Dry,None,Canned Goods
2025-05-06,8,17,3.0,Dry,None,Dairy
2025-05-07,2,18,5.0,Dry,None,Produce
2025-05-07,8,18,4.0,Dry,None,Meat & Seafood
2025-05-07,9,14,4.0,Dry,None,Personal Care
2025-05-08,4,10,4.0,Dry,None,Canned Goods
2025-05-08,7,5,3.0,Dry,None,Beverages
2025-05-09,4,2,3.0,Dry,None,Meat & Seafood
2025-05-09,5,8,1.0,Dry,None,Produce
2025-05-09,7,6,5.0,Dry,None,Meat & Seafood
2025-05-10,2,11,1.0,Dry,None,Bakery
2025-05-10,5,15,5.0,Dry,None,Frozen Foods
2025-05-10,9,13,1.0,Dry,None,Dairy
2025-05-11,1,13,5.0,Dry,None,Canned Goods
2025-05-11,5,1,2.0,Dry,None,Beverages
2025-05-12,1,3,1.0,Dry,None,Beverages
2025-05-12,5,9,5.0,Dry,None,Produce
2025-05-12,7,18,3.0,Dry,None,Canned Goods
2025-05-13,3,6,1.0,Dry,None,Canned Goods
2025-05-13,6,10,5.0,Dry,None,Household Items
2025-05-13,7,4,2.0,Dry,None,Canned Goods
2025-05-13,7,15,1.0,Dry,None,Health & Wellness
2025-05-14,2,11,1.0,Dry,None,Meat & Seafood
2025-05-14,3,6,2.0,Dry,None,Frozen Foods
2025-05-14,7,16,1.0,Dry,None,Beverages
2025-05-15,1,7,1.0,Dry,None,Personal Care
2025-05-15,2,6,1.0,Dry,None,Bakery
2025-05-15,3,4,2.0,Dry,None,Beverages
2025-05-16,1,16,4.0,Dry,None,Health & Wellness
2025-05-16,3,16,5.0,Dry,None,Canned Goods
2025-05-16,5,10,2.0,Dry,None,Produce
2025-05-17,3,1,5.0,Dry,None,Personal Care
2025-05-17,5,3,3.0,Dry,None,Produce
2025-05-17,8,10,4.0,Dry,None,Bakery
2025-05-18,5,4,5.0,Dry,None,Beverages
2025-05-19,5,17,3.0,Dry,None,Health & Wellness
2025-05-19,7,5,4.0,Dry,None,Household Items
2025-05-19,7,6,1.0,Dry,None,Personal Care
2025-05-19,8,8,4.0,Dry,None,Bakery
2025-05-20,1,7,2.0,Dry,None,Health & Wellness
2025-05-20,9,14,1.0,Dry,None,Frozen Foods
2025-05-21,5,2,3.0,Dry,None,Dairy
2025-05-21,8,18,4.0,Dry,None,Snacks & Candy
2025-05-22,5,3,1.0,Dry,None,Beverages
2025-05-22,6,9,3.0,Dry,None,Beverages
2025-05-22,9,7,1.0,Dry,None,Frozen Foods
2025-05-23,4,8,2.0,Dry,None,Bakery
2025-05-23,9,13,1.0,Dry,None,Health & Wellness
2025-05-24,2,5,4.0,Dry,None,Snacks & Candy
2025-05-24,4,1,3.0,Dry,None,Produce
2025-05-24,4,9,4.0,Dry,None,Personal Care
2025-05-24,6,5,4.0,Dry,None,Personal Care
2025-05-25,7,16,5.0,Dry,None,Beverages
2025-05-26,1,7,2.0,Dry,None,Beverages
2025-05-26,2,9,5.0,Dry,None,Meat & Seafood
2025-05-27,1,3,2.0,Dry,None,Canned Goods
2025-05-27,2,15,5.0,Dry,None,Dairy
2025-05-27,2,16,4.0,Dry,None,Canned Goods
2025-05-28,3,2,2.0,Dry,None,Personal Care
2025-05-28,6,10,2.0,Dry,None,Produce
2025-05-29,1,5,5.0,Dry,None,Snacks & Candy
2025-05-29,1,17,4.0,Dry,None,Produce
2025-05-29,2,16,5.0,Dry,None,Beverages
2025-05-29,3,17,2.0,Dry,None,Frozen Foods
2025-05-30,4,15,4.0,Dry,None,Frozen Foods
2025-05-30,5,10,2.0,Dry,None,Meat & Seafood
2025-05-30,7,10,5.0,Dry,None,Personal Care
2025-05-30,9,3,2.0,Dry,None,Household Items
2025-05-31,5,18,2.0,Dry,None,Dairy
2025-06-01,2,1,5.0,Rainy,None,Personal Care
2025-06-02,8,15,4.0,Rainy,None,Household Items
2025-06-03,2,6,5.0,Rainy,None,Bakery
2025-06-03,4,3,5.0,Rainy,None,Produce
2025-06-03,8,5,5.0,Rainy,None,Bakery
2025-06-03,8,13,2.0,Rainy,None,Produce
2025-06-04,2,9,1.0,Rainy,None,Snacks & Candy
2025-06-04,5,6,4.0,Rainy,None,Beverages
2025-06-04,8,7,4.0,Rainy,None,Bakery
2025-06-05,3,13,2.0,Rainy,None,Bakery
2025-06-05,3,16,5.0,Rainy,None,Beverages
2025-06-05,5,3,2.0,Rainy,None,Frozen Foods
2025-06-05,7,16,2.0,Rainy,None,Health & Wellness
2025-06-05,8,3,2.0,Rainy,None,Health & Wellness
2025-06-06,1,10,4.0,Rainy,None,Health & Wellness
2025-06-06,5,17,1.0,Rainy,None,Personal Care
2025-06-06,9,7,3.0,Rainy,None,Produce
2025-06-07,3,7,1.0,Rainy,None,Meat & Seafood
2025-06-07,6,11,2.0,Rainy,None,Frozen Foods
2025-06-08,1,17,2.0,Rainy,None,Meat & Seafood
2025-06-08,3,2,5.0,Rainy,None,Produce
2025-06-08,4,3,1.0,Rainy,None,Personal Care
2025-06-08,8,1,2.0,Rainy,None,Health & Wellness
2025-06-08,8,8,4.0,Rainy,None,Personal Care
2025-06-09,1,9,4.0,Rainy,None,Bakery
2025-06-09,8,7,1.0,Rainy,None,Snacks & Candy
2025-06-09,9,11,3.0,Rainy,None,Health & Wellness
2025-06-09,9,17,3.0,Rainy,None,Household Items
2025-06-10,1,6,5.0,Rainy,None,Household Items
2025-06-11,2,13,2.0,Rainy,None,Bakery
2025-06-11,5,14,3.0,Rainy,None,Snacks & Candy
2025-06-12,2,7,2.0,Rainy,None,Personal Care
2025-06-12,3,8,2.0,Rainy,None,Canned Goods
2025-06-12,5,15,5.0,Rainy,None,Beverages
2025-06-13,8,2,3.0,Rainy,None,Personal Care
2025-06-14,2,11,5.0,Rainy,None,Bakery
2025-06-14,6,8,2.0,Rainy,None,Health & Wellness
2025-06-14,7,9,5.0,Rainy,None,Snacks & Candy
2025-06-15,2,8,5.0,Rainy,None,Beverages
2025-06-15,5,2,4.0,Rainy,None,Personal Care
2025-06-15,5,11,4.0,Rainy,None,Meat & Seafood
2025-06-15,9,1,3.0,Rainy,None,Snacks & Candy
2025-06-16,3,7,2.0,Rainy,None,Household Items
2025-06-17,1,9,3.0,Rainy,None,Snacks & Candy
2025-06-17,2,5,2.0,Rainy,None,Household Items
2025-06-17,5,12,2.0,Rainy,None,Bakery
2025-06-17,6,15,5.0,Rainy,None,Household Items
2025-06-18,3,18,3.0,Rainy,None,Snacks & Candy
2025-06-19,2,6,5.0,Rainy,None,Health & Wellness
2025-06-19,5,10,3.0,Rainy,None,Frozen Foods
2025-06-19,7,5,3.0,Rainy,None,Produce
2025-06-20,6,12,2.0,Rainy,None,Household Items
2025-06-21,6,12,3.0,Rainy,None,Frozen Foods
2025-06-21,6,15,1.0,Rainy,None,Beverages
2025-06-22,1,4,2.0,Rainy,None,Household Items
2025-06-22,4,8,1.0,Rainy,None,Snacks & Candy
2025-06-22,4,9,3.0,Rainy,None,Produce
2025-06-22,5,8,4.0,Rainy,None,Produce
2025-06-23,6,3,2.0,Rainy,None,Beverages
2025-06-24,1,6,4.0,Rainy,None,Personal Care
2025-06-24,1,12,5.0,Rainy,None,Beverages
2025-06-25,3,7,5.0,Rainy,None,Bakery
2025-06-25,6,4,5.0,Rainy,None,Bakery
2025-06-26,2,8,2.0,Rainy,None,Meat & Seafood
2025-06-27,4,1,2.0,Rainy,None,Snacks & Candy
2025-06-27,7,17,2.0,Rainy,None,Personal Care
2025-06-28,5,6,2.0,Rainy,None,Bakery
2025-06-28,6,5,1.0,Rainy,None,Canned Goods
2025-06-30,4,11,3.0,Rainy,None,Canned Goods
2025-06-30,7,2,4.0,Rainy,None,Personal Care
2025-07-01,7,2,1.0,Rainy,None,Household Items
2025-07-01,7,12,2.0,Rainy,None,Snacks & Candy
2025-07-01,8,17,4.0,Rainy,None,Bakery
2025-07-02,2,13,1.0,Rainy,None,Dairy
2025-07-02,2,14,4.0,Rainy,None,Canned Goods
2025-07-03,7,11,3.0,Rainy,None,Frozen Foods
2025-07-04,1,16,5.0,Rainy,None,Frozen Foods
2025-07-05,1,4,3.0,Rainy,None,Dairy
2025-07-05,3,13,1.0,Rainy,None,Dairy
2025-07-05,6,11,2.0,Rainy,None,Household Items
2025-07-05,7,17,3.0,Rainy,None,Household Items
2025-07-05,8,7,4.0,Rainy,None,Snacks & Candy
2025-07-06,5,12,5.0,Rainy,None,Produce
2025-07-06,7,15,4.0,Rainy,None,Produce
2025-07-07,2,12,3.0,Rainy,None,Bakery
2025-07-07,5,5,1.0,Rainy,None,Bakery
2025-07-08,6,16,2.0,Rainy,None,Snacks & Candy
2025-07-08,7,6,1.0,Rainy,None,Canned Goods
2025-07-08,9,14,4.0,Rainy,None,Frozen Foods
2025-07-09,6,10,5.0,Rainy,None,Produce
2025-07-10,1,13,4.0,Rainy,None,Health & Wellness
2025-07-10,3,8,2.0,Rainy,None,Canned Goods
2025-07-10,4,12,4.0,Rainy,None,Frozen Foods
2025-07-12,2,7,2.0,Rainy,None,Household Items
2025-07-12,5,11,1.0,Rainy,None,Snacks & Candy
2025-07-12,9,6,1.0,Rainy,None,Produce
2025-07-13,5,8,1.0,Rainy,None,Beverages
2025-07-14,4,6,2.0,Rainy,None,Frozen Foods
2025-07-14,6,15,4.0,Rainy,None,Dairy
2025-07-14,8,2,2.0,Rainy,None,Canned Goods
2025-07-15,7,7,5.0,Rainy,None,Household Items
2025-07-16,2,18,3.0,Rainy,None,Personal Care
2025-07-16,8,16,1.0,Rainy,None,Snacks & Candy
2025-07-16,9,4,4.0,Rainy,None,Bakery
2025-07-17,3,8,5.0,Rainy,None,Personal Care
2025-07-17,5,13,5.0,Rainy,None,Health & Wellness
2025-07-17,5,16,3.0,Rainy,None,Canned Goods
2025-07-17,9,15,4.0,Rainy,None,Dairy
2025-07-18,7,1,3.0,Rainy,None,Dairy
2025-07-18,9,17,2.0,Rainy,None,Personal Care
2025-07-19,1,17,4.0,Rainy,None,Health & Wellness
2025-07-19,2,12,4.0,Rainy,None,Household Items
2025-07-19,3,1,3.0,Rainy,None,Produce
2025-07-19,3,13,1.0,Rainy,None,Personal Care
2025-07-19,6,16,4.0,Rainy,None,Canned Goods
2025-07-20,3,18,2.0,Rainy,None,Canned Goods
2025-07-20,5,1,3.0,Rainy,None,Bakery
2025-07-20,5,6,2.0,Rainy,None,Meat & Seafood
2025-07-20,6,11,5.0,Rainy,None,Personal Care
2025-07-21,2,9,2.0,Rainy,None,Snacks & Candy
2025-07-21,2,10,3.0,Rainy,None,Dairy
2025-07-22,5,10,2.0,Rainy,None,Personal Care
2025-07-22,7,17,2.0,Rainy,None,Household Items
2025-07-23,1,5,1.0,Rainy,None,Bakery
2025-07-23,2,18,1.0,Rainy,None,Snacks & Candy
2025-07-23,4,12,1.0,Rainy,None,Beverages
2025-07-23,7,7,5.0,Rainy,None,Beverages
2025-07-23,9,17,5.0,Rainy,None,Health & Wellness
2025-07-24,1,15,5.0,Rainy,None,Beverages
2025-07-24,8,3,3.0,Rainy,None,Personal Care
2025-07-24,9,5,4.0,Rainy,None,Canned Goods
2025-07-25,7,15,2.0,Rainy,None,Canned Goods
2025-07-25,7,16,2.0,Rainy,None,Meat & Seafood
2025-07-26,5,5,4.0,Rainy,None,Canned Goods
2025-07-26,7,5,1.0,Rainy,None,Frozen Foods
2025-07-27,9,10,4.0,Rainy,None,Bakery
2025-07-28,2,12,2.0,Rainy,None,Meat & Seafood
2025-07-28,3,14,2.0,Rainy,None,Beverages
2025-07-28,4,2,3.0,Rainy,None,Health & Wellness
2025-07-28,4,18,5.0,Rainy,None,Produce
2025-07-28,5,18,2.0,Rainy,None,Canned Goods
2025-07-29,6,6,3.0,Rainy,None,Dairy
2025-07-29,6,11,4.0,Rainy,None,Frozen Foods
2025-07-29,9,2,3.0,Rainy,None,Dairy
2025-07-30,6,8,2.0,Rainy,None,Health & Wellness
2025-07-30,8,9,2.0,Rainy,None,Health & Wellness
2025-07-30,8,11,2.0,Rainy,None,Meat & Seafood
2025-07-31,7,1,5.0,Rainy,None,Personal Care
2025-07-31,8,4,2.0,Rainy,None,Health & Wellness
2025-07-31,9,3,1.0,Rainy,None,Produce
2025-08-01,4,4,1.0,Rainy,None,Bakery
2025-08-01,4,8,1.0,Rainy,None,Canned Goods
2025-08-01,5,14,3.0,Rainy,None,Bakery
2025-08-01,8,17,4.0,Rainy,None,Snacks & Candy
2025-08-02,4,11,2.0,Rainy,None,Meat & Seafood
2025-08-02,7,6,2.0,Rainy,None,Bakery
2025-08-04,3,14,4.0,Rainy,None,Dairy
2025-08-05,2,4,2.0,Rainy,None,Snacks & Candy
2025-08-05,7,7,3.0,Rainy,None,Frozen Foods
